56,1282844183012495385,最枯燥无味的作品也无法抵挡批评家找出它迷人之处的决心🐵,2962
125,1282844166755373064,岁月的河流缓缓流过，成长的足迹深深留下，蓦然回首，长大的路上留下一串串或深或浅的脚印，记载着欢乐，记载着忧伤，伴随我一路走来。,3979
237,1282844198070013960,我是一个路人,5955
86,1277202888038469639,和小说写作带给我的感觉完全不一样,6601
6,1277202974566973465,就这？,6683
44,1282844190549671957,通俗文学不一样🐗,7189
40,1277202899015028740,前排…,8110
79,1282844183012495378,哈哈哈，真实…,8236
37,1282844175731150862,顶住顶住.,8550
54,1282844190549671937,嘻嘻🤭,8695
50,1277202951619923970,如果知识不是每天在增加，就会不断地减少,9860
87,1282844190549671954,对我也有这方面的引导.,10174
39,1282844166755373074,???,11405
77,1277202961912811524,学习很多东西的诀窍在于——不要一下子学很多东西…,12600
95,1282844166755373067,查水表,13559
25,1282844190553866241,离完婚恐怕还要踹上几脚才能解恨😃,14339
106,1282844190549671938,我们的目标是将知了打造成一个公益品牌,14410
107,1282844183012495370,不明觉厉😕,14506
39,1282844190549671948,赞啊！,14610
86,1277202909135785984,哈哈哈，真实,14815
66,1277202961912811548,这样的人多了！,15248
61,1277202974566973449,思维值得学习,15882
198,1282844175731150863,高尚的语言包含着真诚的动机,17351
37,1277202961912811537,很有意义,17486
1,1277202961912811520,那晚上我见到了一堆世界著名的出版人,17610
107,1282844141610487822,毛囊中有一种酶叫5α还原酶,17765
103,1282844183012495386,工作观之二：工作中用对的、好的语言沟通…,17913
61,1277202974566973455,不明觉厉！,17963
196,1282844175731150852,老铁稳,17979
73,1282844166755373071,很有意义🐬,18152
170,1282844166755373083,老铁稳,18581
166,1277202888038469638,???,18739
25,1282844190549671955,获得第36届日本电影学院最佳女主角日媒给树木希林的定位,18825
243,1282844175731150866,高尚的语言包含着真诚的动机😭,18826
89,1282844198070013954,学者们往往有一种触类旁通的本领🐎,19332
37,1282844141610487823,我喜欢这篇文章传达的东西,19393
7,1282844190549671951,优秀人物的错误，就在于获得世人的赏识而浪费青春,19855
55,1277202951619923981,在座的各位能在这相遇就不用我多说了吧！,20432
43,1277202909135785992,要懂得汲取他们的经验,20712
36,1282844183012495380,贴近生活，倍感亲切🐢,20755
130,1277202888038469637,优秀人物的错误，就在于获得世人的赏识而浪费青春,20978
39,1282844198070013967,通读文章，感慨万千,21144
101,1277202898968891392,那些美得让人无法自拔的艺术品，往往来自于生活中被人忽略的那些细节,21195
90,1282844183012495380,比喻贴切，用词生动,21408
196,1282844190549671946,一分钟的思考抵上一小时的唠叨，而此文让我思考了很久,21533
47,1282844141610487817,在战斗中获得勇敢，在学习中获得知识😥,21782
45,1277202961912811542,棒极了,22381
40,1277202961912811536,哈哈哈，太有意思了,22834
230,1282844183012495373,学习了…,22939
125,1282844141610487820,大家在QQ群里提前约好🙎,23121
166,1282844183012495367,比如藏族传统的双鱼捧日图可能与仰韶文化的半坡遗址出土双鱼捧日盆有关；还有圆圈形的锅庄舞等,23135
101,1282844175731150865,我会将养生提前列入生活,23149
57,1277202899015028736,但人类同样也从未见识过潜伏在这种前景后面的蘑菇云,23233
99,1282844198070013962,学习了,23330
36,1277202909135785991,颁奖那天非常隆重,23462
102,1282844175731150871,给年轻人创造一个生活方式的空间,23503
1,1282844141610487835,学习了…😍,23686
104,1277202888038469632,很有意义,23794
108,1282844166755373069,还是需要理解能力的,23952
106,1277202951619923987,哈哈哈，真实…,24066
196,1277202951619923969,刚好这一年杜甫入长安,24233
170,1277202909135785992,做的不错呦,24557
107,1282844166755373076,但是已经发现和精神因素特别相关,24566
37,1282844166755373082,精彩,24695
12,1277202888004915200,好学而不勤问非真好学者,24705
196,1277202961912811542,赞啊！,24959
102,1282844190549671957,老铁稳.,25723
72,1282844198070013975,曲高和寡，切勿陷得太深…,25773
108,1277202951619923988,伟大的灵魂就像高耸的山峰🐲,25803
239,1282844183012495369,师者所以传道，授业，解惑也…,25841
54,1277202888038469638,通读文章，感慨万千,25852
89,1277202899015028744,他们先用石器击伤动物…,26375
11,1277202951619923987,顶住顶住…👆,26469
52,1277202961912811522,角度新奇，立意独特,26541
35,1277202951619923995,通常人们以为智慧的人或者美丽的人会得到更多的幸福,26604
79,1277202974566973446,比如说中国广告发展具体的情况如何,26621
37,1277202951619923969,思维值得学习,26765
2,1277202974566973465,所以他没兴趣,26785
125,1282844198070013978,赞一个,26818
108,1282844183012495370,电视实况把人类带入一体化的地球村,27130
62,1282844183012495361,我一直很喜欢美国的民谣歌曲！,27172
49,1277202951619923980,以至于引起纷争,27319
40,1277202961912811528,溜了溜了.,27499
85,1277202961912811535,逐渐上头😂,27673
97,1282844190377705472,学者们往往有一种触类旁通的本领,28134
130,1277202961912811525,指望有人替自己除恶扬善,28321
44,1277202974566973442,日本的司法制度、日本的婚姻制度甚至日本的户籍制度！,28334
49,1282844183012495374,学习很多东西的诀窍在于——不要一下子学很多东西,28374
112,1277202909135785984,在座的各位能在这相遇就不用我多说了吧,28537
1,1282844183012495387,此外,28611
174,1282844183012495376,学习了🐰,28674
226,1277202951619923970,电视记者访谈在电影节贵宾室里进行,28734
101,1282844198070013970,品味是一种过程，是一种探索；是一种提升，是一种享受😆,28790
72,1282844175731150859,666🙈,29036
99,1277202961912811525,不可或缺🐉,29267
6,1277202961912811533,当牛顿把他的公式看成是自然哲学之数学原理的时候,29517
11,1282844175731150857,同样是腰间盘，为何你如此凸出,29571
41,1282844190549671950,语言真是一门学问，如果我们会用欣赏的眼光去看待别人，自然会发现别人身上的闪光点，用智慧的美言与别人交谈，那我们的人际关系就会更加和谐，更加美好。,29756
103,1282844175731150855,有些晦涩难懂,29949
35,1282844198070013956,所以幸福的人是积极工作的人…,30001
33,1277202961912811547,思维值得学习😌,30475
196,1282844190549671938,太厉害了,30524
12,1277202961912811542,赞啊！,30532
42,1282844198070013971,即使是枯燥的东西,30871
70,1282844190553866242,温故而知新！,30949
107,1277202974566973456,也能让我的发量有所增加,31016
6,1282844183012495388,如果说赵林老师在书中对西方文化、西方哲学的描绘是3D版的！😅,31144
43,1282844198070013978,有内涵的文章才是好文章,31237
12,1282844183012495360,依照先秦以人名名其书的惯例,31306
11,1282844183012495371,现在我给远在国外的儿子写信,31738
163,1282844183012495364,棒极了！,31831
36,1277202909135785992,涨知识了,31850
6,1282844166755373062,真的好看…😐,32052
42,1282844198070013971,感觉有些沉重了…,32186
46,1282844190549671946,是啊,32233
2,1282844183012495368,说的真好，这世上之事大抵如此吧！,32279
12,1282844190549671961,我们可从这一书名推知其作者为老子,32308
34,1282844190549671955,嘻嘻🤭💪,32311
32,1282844166755373074,我希望我们都要珍惜我们的生活,32322
34,1277202909135785989,有些晦涩难懂,32446
129,1282844183012495368,精明的商人只有嗅觉敏锐才能将商业情报发挥到极致,32744
80,1277202951619923991,太赞了,32993
104,1282844166755373081,它一定会帮你把这些事情全部都处理好的,33078
163,1277202961912811530,亲自阅读也要亲自思考提倡亲自阅读,33770
76,1282844141610487827,在战斗中获得勇敢，在学习中获得知识,34067
13,1282844198070013963,既要敢于突破陈规，又要放开手脚打破条条框框,34431
12,1282844183012495381,伟大的灵魂就像高耸的山峰,34461
12,1282844175731150867,现在很多人不是失去了学习的动力，而是失去了好奇心😵,34499
99,1282844183012495367,艺术没有终点，只有起点,34592
58,1282844141610487836,我到农场面对荒凉的土地和粗鲁的农场领导…,34777
72,1282844166755373064,中文叫什么、西班牙语叫什么！,34814
99,1277202974566973464,艺术离我们并不遥远，它就在你我身边。它可以是一首歌，一幅画，也可以是一件不起眼的小堡艺品。,35283
19,1282844175731150866,老铁稳,35708
64,1277202961912811529,好文章首先要有好意境，然后才是好文字🐩,35728
37,1282844198070013960,还是需要理解能力的,36068
23,1282844141610487825,他说三年后他要给儿子找个好的幼儿园,36233
60,1282844166755373074,艺术人生！,36236
1,1277202899015028743,缺少跨语言和文化的翻译,36535
60,1277202951619923995,有了艺术，生活才有美，有了生活，也才有艺术。生活处处都是艺术，不需要刻意发现。自然产生美，自然才有艺术。,36540
36,1277202961912811533,问：您都是活跃在东边的城市🐭,36701
18,1282844175731150850,请问老师，如何写作呢？,36835
20,1277202974478893056,则只能把人才教成废才！,36874
12,1277202961912811546,并把《老子》的作者分派给几个分属不同历史时期的人,37011
35,1277202974566973448,逐渐上头😂,37089
39,1282844141610487825,看破不说破,37226
24,1277202974566973443,查水表,37331
33,1282844166755373059,涨知识了,37629
26,1277202974566973468,女少口阿😌,37691
33,1277202974566973454,你怎么认为呢？答：我觉得我的确和弗里达•卡洛有很多相似之处,37845
37,1282844183012495372,看到标题的一刹那，就有种腿软的感觉,38048
101,1282844166755373067,一个都没看懂！,38231
104,1282844166755373071,红红火火恍恍惚惚！,38401
72,1282844141610487812,嘻嘻🤭,38557
37,1282844175731150860,医者仁心  ,38639
27,1282844183012495366,尽管整部书可能不完善,38896
102,1282844183012495379,我是一个路人,38956
226,1282844175731150859,太秀了！,39210
107,1277202974566973453,它可以让我们的头皮分泌油脂,39342
91,1282844190549671956,再要求到赞扬的真诚热烈😳,39486
34,1277202888038469638,你可能并不清楚地知道下面一年、下面许多年会是什么样子,39493
34,1282844141610487828,青春消逝地如弹指一挥间👶,39671
109,1282844166755373077,就这？,40080
45,1282844183012495379,取众家所长,40101
93,1282844190549671946,选择的标准该是这一页到底能不能让读者幸福一点,40114
81,1282844141610487816,随便翻翻和翻一翻的过程,40162
62,1282844183012495381,逐渐上头😂,40407
89,1282844198070013960,通过不断的长跑和进化,40491
20,1282844141610487810,两个字，到位.,40536
26,1282844190549671957,老铁稳😫,40768
43,1282844166755373079,伟大的作品不只是靠力量完成，更是靠坚定不移的信念,40956
111,1282844190549671949,显然是成人的😌,41408
196,1282844141610487822,我裂开了,41485
12,1282844141610487808,一个人的度量是一种精神力量，是一股强大的文明力量,41662
6,1282844166755373078,却几乎不怎么砍柴的人…,41772
46,1277202961912811527,😡则可以让人慢下来.,41844
12,1282844183012495375,好议论人之长短，是学者大病！,41957
62,1277202909135785992,在战斗中获得勇敢，在学习中获得知识,42068
25,1277202951619923988,可是人到了一定年纪.,42220
113,1277202951619923973,这一项目由于资金紧张,42602
166,1282844198070013962,大家都爱喝热水,43066
93,1282844183012495376,一定是最棒的自己激发了他的信念,43236
62,1282844198070013957,我喜欢这篇文章传达的东西,43379
196,1282844166755373069,古人告诉我们学习是需要吃苦的，所以学者们让我敬佩😥,43605
18,1282844141610487811,革去了他的解元头衔.,43697
37,1282844190549671948,贴近生活，倍感亲切,43710
94,1282844141610487818,在众多的美术摄影画册中,43874
1,1277202909135785984,单是犯罪小说就满满一间大屋子,43972
33,1277202961912811529,还是不那么喜欢艺术的人,44046
110,1282844183012495368,还是需要理解能力的,44378
39,1277202888038469635,有些晦涩难懂.,44558
47,1282844166755373078,如果知识不是每天在增加，就会不断地减少👍,44560
73,1277202961912811539,女少口阿,44602
125,1277202974566973460,好文章首先要有好意境，然后才是好文字！,44870
65,1282844166755373065,查水表,44967
1,1277202974566973447,全伦敦最大的一家水石书店,45110
47,1282844166755373080,是阅读行为产生的所有魅力所在,45179
163,1282844183012495364,所谓的商业思维究竟是什么呢？,45204
52,1282844190549671942,优秀的作品无论你怎样去探测它，都是探不到底的！,45427
39,1282844175731150863,棒极了！,45461
174,1282844166755373079,越来越没有自知之明了，这种文章我也敢点进来看了,45499
134,1282844166688264192,检验真理的工作也没有被过去某一个时代的一批学者一劳永逸地完成；真理必须通过它在各个时代受到的反对和打击被人重新发展,45648
71,1282844141610487809,实际上还是有的😹,45834
57,1282844166688264192,在不同的信仰和意识形态圈里🎅,45852
208,1277202961912811538,说的真好，这世上之事大抵如此吧！,45932
196,1282844166755373058,尤其是同样都嗜酒如命,45968
86,1282844198070013958,而且一个供我观察、理解和思索的我,46243
67,1282844198070013971,有些晦涩难懂🐑,46691
35,1277202974566973449,艺术在常总是十分高雅而不可及的，其实它可以是一首歌一次展览一段经历……有艺术的生活就有欢乐，就有美。,46797
57,1282844166755373057,我们置身于一个丰富多彩的世界,46959
63,1277202951619923980,学者们往往有一种触类旁通的本领！,47036
40,1277202899015028736,😺感觉有点音画不同步？,47146
39,1282844141610487824,太厉害了,47447
125,1277202974566973466,被迫,47617
72,1282844175731150867,我们尤其需要加强自己对于这些无知的防范！,48050
12,1277202974566973457,有人便抓住这一点断言！,48052
27,1282844141610487815,还是要考虑散文性,48340
66,1277202961912811520,伟大的作品不只是靠力量完成，更是靠坚定不移的信念,48421
113,1282844141610487825,红红火火恍恍惚惚,48529
197,1282844141610487813,古人告诉我们学习是需要吃苦的，所以学者们让我敬佩,48585
238,1282844190549671951,都有着一定的百越血统！,48660
6,1277202951619923982,超出预期，比想象中的要好很多,48986
49,1282844175731150867,视野又开阔了,49000
125,1277202974566973459,期待下次的内容,49042
2,1282844190549671945,判断、态度和八卦俯拾皆是,49145
2,1282844183012495361,海明威告诉你…,49173
207,1282844198070013970,旋转幽婉，诗意抒情。点点凝聚在字里行间；涓涓流水，群鸟随云；任其诗意徘徊，经久难散！👩,49230
198,1277202899015028737,宁就是带文学家？,49266
39,1282844175731150870,医者仁心  ,49777
6,1282844141610487811,很好奇先生的书房是怎样的.,49929
35,1282844198070013961,赞一个.,50021
40,1282844166755373072,😅🙂,50166
170,1277202909135785985,太赞了,50248
75,1277202961912811521,看破不说破,50365
125,1282844166755373081,——多大才是回忆的好时候？昨天晚上,50420
34,1277202961912811524,???,50460
125,1277202899015028738,留莫西干头！,50480
196,1277202961912811529,路有冻死骨的社会本质！,50553
66,1282844183012495377,品一篇美文，仿佛品一壶千载的醇酒；丝丝的辛辣蕴藏着言不尽的甜蜜.,50568
12,1282844175731150849,学者有自立之志，当拔出流俗，不可泛泛与世浮沉。🐆,51575
71,1282844190549671954,细节描写别具匠心，细致入微,51654
54,1282844166755373060,这是我要表达的一个理念,51701
62,1282844190549671952,艺术人生！,51772
110,1282844166755373075,哈哈哈，真实🐩,52015
45,1282844190549671960,学习了,52275
74,1282844166755373069,学习了,52651
34,1282844190549671945,太赞了🙆,53724
89,1277202909135785984,期待下次的内容,53742
61,1277202951619923984,棒！火钳刘明,53774
77,1282844183012495382,棒！火钳刘明😙,53838
47,1277202899015028736,哪怕只是为了得到实用目的很强的慰藉感.,53974
83,1277202909135785989,太秀了,54136
57,1282844198070013978,看到标题的一刹那，就有种腿软的感觉,54252
163,1282844190549671947,如此到位的理解，很棒！,54311
45,1282844183012495371,《博物馆》夕阳是苦行僧…,54336
74,1282844166755373056,女少口阿,54499
56,1282844175731150852,您的文章让我感受到片刻的宁静,54724
55,1282844141610487818,优秀的作品无论你怎样去探测它，都是探不到底的…,54769
111,1282844166755373060,很有意义…💁,54824
11,1277202909135785988,感觉和朱生豪先生的译文差一大截！,55024
40,1282844141610487832,感觉还是没有完全理解  ,55340
12,1277202909102231552,东方出版社2000年版）,55392
2,1277202951619923995,一个都没看懂！,55485
33,1282844166755373083,看破不说破,55599
9,1277202961912811537,就这？,55653
208,1277202974566973446,😰说的真好，这世上之事大抵如此吧！,55972
125,1282844166755373064,他比我小,55996
77,1282844183012495384,贴近生活，倍感亲切,56194
96,1282844198070013968,我不敢请朋友来家里做客了,56206
63,1277202899015028740,能写出此篇文章的作者，内心一定饱满坚强,56223
207,1282844166755373056,看到标题的一刹那，就有种腿软的感觉,56367
198,1282844190549671941,很打动我，感同身受,56569
111,1277202888038469633,或为晚年回忆的乡里旧闻,56605
49,1277202951619923988,越来越没有自知之明了，这种文章我也敢点进来看了,56848
13,1282844175731150850,做的不错呦！,56861
31,1282844183012495362,不明觉厉,56866
87,1282844141610487827,老铁稳🐋,57175
65,1277202909135785984,仍忑忐由！,57378
83,1282844183012495387,名家风范,57614
11,1282844190553866241,哈哈哈，真实,58524
174,1282844175731150876,现在很多人不是失去了学习的动力，而是失去了好奇心,58777
91,1282844166755373072,但就像农民父母有了一个大学生孩子,59081
34,1277202951619923977,太赞了,59162
40,1282844175731150871,突然想学医了  ,59230
92,1282844190549671955,???,59236
37,1282844198070013958,看似浅显易懂，实际太多沉淀啦🐕,59256
90,1282844175731150869,艺术和科学的价值在于没有私欲的服务，在于为万人的利益服务…,59482
125,1277202974566973454,这不是一个回忆往事的好年龄,59539
57,1277202974566973444,是啊…,59598
35,1282844198070013959,有过不幸的人常常有可能赢得幸福甚至更大的幸福…😚,59811
40,1277202951619923984,生动有趣，活泼自如,59878
107,1282844183012495385,有刺激毛囊退化萎缩的作用,60124
87,1277202974566973449,666,60211
37,1282844183012495388,精彩,60343
40,1282844141610487816,啥破玩意，无聊,60641
37,1282844183012495378,看破不说破！,60651
56,1282844141610487833,书房是文人精神的巢穴，生命的禅堂,60652
58,1282844166755373084,诗情画意，回味无穷！,60690
196,1282844141610487818,诗情画意，回味无穷,60755
2,1282844183012495386,我裂开了,60819
166,1282844198070013977,就这？,60978
12,1282844183012495368,一个都没看懂！😰,61285
6,1282844141610487818,涨知识了.,61533
35,1282844141610487832,中国人有一句俗话男人有钱就使坏😪,61581
69,1282844175731150873,看破不说破🐥,61612
90,1277202961912811549,越来越没有自知之明了，这种文章我也敢点进来看了…,61786
12,1277202974566973462,老子的弟子或道家思想的信奉者,62224
13,1282844166755373081,并且提出向亚洲学习的口号,62260
49,1282844198070013968,一个都没看懂！,62429
68,1282844198070013962,精神乃至灵魂的共鸣,62584
80,1282844183012495377,商业的本质是交易，交易的本质是诚意.😲,62845
35,1282844166755373058,溜了溜了…,63335
2,1282844166688264192,精辟,63695
45,1277202888038469636,雪慢慢地覆盖,63702
166,1282844190549671950,含蓄幽默，耐人寻味😖,63791
130,1277202909135785988,我连墙都不扶，就服你。,63927
93,1282844175731150862,视野又开阔了,64336
11,1282844166755373074,一个都没看懂！,64550
112,1277202888038469639,孝和忠组成一个纵横儒家文明的价值观,64931
76,1282844190549671950,师者所以传道，授业，解惑也,65185
197,1282844141610487817,孔子感叹曰：贤哉,65665
71,1282844183012495385,很好奇先生的书房是怎样的,65837
56,1282844141610487814,诸多名家新作纷纷上市🐄,65957
105,1282844198070013955,很打动我，感同身受…,66209
95,1282844166755373059,考试就是一个客观的反馈☺,66212
107,1282844198070013972,因为它的副作用是多毛症,66330
71,1277202951619923974,挤点时间做自己喜欢的事,66360
64,1277202974478893056,比如四川女孩叫做川妹,66688
32,1282844190549671956,我觉得我的整个人生就是艺术！,67120
33,1277202974566973453,太赞了,67384
2,1282844175731150857,我们想在访谈里看见一个活生生的大师,67384
37,1282844141610487812,太秀了,67406
62,1282844141610487824,学会微笑是生活的艺术,67428
125,1282844166755373072,同样是腰间盘，为何你如此凸出,67982
106,1282844190549671937,道德能弥补智慧的缺陷，爱心能开启心灵的天空,68688
196,1277202961912811539,清朝人说李白诗歌十之八九离不开醇酒妇人🐕,68695
37,1282844175731150857,哈哈哈，真实,69005
77,1277202961912811531,只有几只轮胎无法变回去,69239
12,1282844141610487821,学习了,69735
89,1282844141610487816,???,69737
60,1277202974566973447,如果知识不是每天在增加，就会不断地减少…,70056
27,1282844190549671951,开始以为是青铜，没想到是个王者,70072
240,1282844198070013963,但不应威胁到区域内部的基本粮食供应,70101
82,1282844141610487831,开始以为是青铜，没想到是个王者,70244
96,1282844166755373083,学习知识要善于思考、思考、再思考,70359
12,1277202951619923968,不是无知寡陋便是居心不良,70403
40,1277202899015028740,🙂,70527
129,1282844183012495375,比喻贴切，用词生动！,70565
226,1282844198070013981,很有意义.,70767
105,1277202974566973446,赞啊！,71020
110,1277202951619923993,一个都没看懂！,71173
91,1277202974566973465,在描述一些我们不希望发生的事情😯,71410
11,1282844198070013979,查水表,71645
75,1277202961912811522,老铁稳,71698
196,1277202909135785986,老铁稳,71766
163,1282844166755373068,教育学家将学习场景划分为营火、洞穴、水源和山顶,71782
103,1282844198070013958,前排,72392
66,1277202974566973443,偶然间见我读福克纳的《八月之光》,72448
96,1277202951619923993,前排😡,72480
166,1282844141610487833,而汉族则是其后分化出的红山文化融合了仰韶文化的部分后代和高庙文化的部分后代组成,72680
166,1277202974566973457,目前从考古学的资料来看,72747
2,1277202951619923989,每一位粉丝心知肚明的偶像八卦——没有八卦的大师肯定比没有八卦的平常人更加乏味,72834
48,1277202951619923971,好学而不勤问非真好学者,73179
196,1277202974566973466,语言真是一门学问，如果我们会用欣赏的眼光去看待别人，自然会发现别人身上的闪光点，用智慧的美言与别人交谈，那我们的人际关系就会更加和谐，更加美好。,73242
107,1282844175731150858,这些食物对毛囊、对头皮的营养也是非常好的,73287
2,1282844175731150861,有内涵的文章才是好文章,73375
197,1282844198070013956,语言是心灵跟文化教育的反映😿,73441
37,1282844183012495385,浅显易懂，深入简出  ,73493
107,1277202951619923997,666.,73991
72,1282844166755373077,一分钟的思考抵上一小时的唠叨，而此文让我思考了很久,74080
19,1277202888038469640,堪寻访,74108
130,1282844166755373065,或许真就能发现一个真实的日本,74628
130,1282844175731150870,精彩,74682
2,1282844183012495381,我连墙都不扶，就服你。,74844
101,1282844183012495360,艺术源于生活，高于生活,74982
112,1277202974566973467,所以我们可能都认同西方文化…,74992
100,1282844141610487819,能真正去踏踏实实做公益的人真的是太少了…,75205
104,1282844190549671943,可能才是塑造一个完整的运动员一个非常重要的考量的指标,75863
125,1282844141610487828,比喻贴切，用词生动,76240
106,1277202888038469633,顶住顶住,76284
229,1282844175731150858,优秀人物的错误，就在于获得世人的赏识而浪费青春.🐸,76401
33,1277202974566973466,很打动我，感同身受,76427
6,1282844166755373067,敏捷的思维是一种优势，但没那么重要…,76490
196,1282844183012495372,🙀溜了溜了！,76560
37,1282844198070013972,浅显易懂，深入简出  ,76800
163,1282844166755373072,高尚的语言包含着真诚的动机🐺,76909
196,1277202909135785985,有人因艳遇而饮…,76996
41,1277202951619923991,我一口气看完了你的所有文章，太精彩了！,77022
12,1282844183012495374,是老子思想的集中反映…,77210
12,1282844183012495379,受教了,77214
95,1277202974566973463,我是一个路人！,77410
2,1282844166755373066,部分地改良了对这位红遍大半个世界的日本作家的印象,77637
54,1277202974566973463,就这？,77905
13,1282844175731150867,欧美国家民众开始纷纷带起口罩,77938
37,1282844198070013961,棒！火钳刘明,78104
43,1282844166755373059,天才的作品是用眼泪灌溉的！,78417
68,1282844183012495368,好久没有静下来享受获得知识的感觉了👲,78977
41,1277202961912811546,两个字，到位,79011
33,1282844141610487815,我宁愿是这样比较忙碌充实的生活方式,79170
207,1277202888038469633,从我一出生起就成了我竭力想去破译、了解的感情符号及象形文字！古往今来那些伟大的医学巨匠😉,79332
65,1277202961912811527,视野又开阔了💁,79459
60,1282844183012495388,如今只能被我加倍思念着…,79568
2,1277202974566973466,我们凭什么花上一大把时间来听你唠叨呢？由此可见,79627
75,1282844198070013958,精辟！,79767
107,1282844166755373072,很打动我，感同身受😅,79899
40,1277202899015028741,嘻嘻🤭😲,79905
230,1282844198070013978,不会只有我才知道这位老师多么优秀吧？,79934
2,1277202951619923993,请问老师，如何写作呢？,80051
41,1277202961912811545,要训练自己成为一个好的读者,80079
32,1282844190549671943,我是一个路人,80094
76,1277202961912811521,还是需要理解能力的,80148
64,1282844198070013960,很有意义🐟,80175
134,1282844141610487823,学习很多东西的诀窍在于——不要一下子学很多东西,80267
47,1282844183012495381,学习了,80279
241,1277202974566973466,世界正从所能达到的最严格的闭关状态（lockdown）,80411
39,1282844198070013955,谢谢老师耐心的分享与解读  ,80829
36,1277202951619923978,我就选择刚好适合媒介…,80869
45,1282844190549671941,查水表…😨,80890
62,1282844175731150862,如果知识不是每天在增加，就会不断地减少,81176
170,1282844141610487834,当一个作家深切的感到自己和人民血肉联系的时候，就会给他以美和力量,81285
24,1277202888038469637,在座的各位能在这相遇就不用我多说了吧,81453
12,1282844166755373066,好久没有静下来享受获得知识的感觉了.,81536
41,1282844166755373078,🙂,81705
2,1282844198070013963,红红火火恍恍惚惚,82227
78,1282844190549671961,我说了洗不干净积水等等.,82233
166,1277202888004915200,师者所以传道，授业，解惑也,82329
34,1282844190549671938,贴近生活，倍感亲切,82422
75,1282844141610487812,就这？,82442
91,1277202961912811548,书房是文人精神的巢穴，生命的禅堂…,82702
40,1282844166755373058,学习了,82908
229,1277202961912811541,我连墙都不扶，就服你。,82976
35,1282844198070013959,赞一个,83010
1,1282844141610487809,棒！火钳刘明！,83123
72,1277202951619923997,精明的商人只有嗅觉敏锐才能将商业情报发挥到极致,83277
2,1277202974566973447,还是需要理解能力的,83438
59,1277202899015028743,细节描写别具匠心，细致入微,83507
59,1277202961912811531,都是各个地方过来混日子的,83528
94,1277202961912811541,家庭是一个很理想的场地👷,83772
244,1282844183012495374,很有意义,83892
196,1277202961912811529,天才的作品是用眼泪灌溉的😪,83947
39,1282844198070013975,涨知识啦  ,84003
70,1282844198070013967,老铁稳,84251
100,1282844141610487832,老师讲的太好了,84308
49,1277202951619923976,🐃好文章首先要有好意境，然后才是好文字…,84356
12,1277202888004915200,或是既无知寡陋又居心不良,84523
19,1282844183012495375,涨知识了,84585
90,1277202899015028739,艺术家观察无形，倾听无声，重新整理并把它们肃清，留下痕迹，让生活和生命获得第二生命。,84644
2,1282844141610487818,名家风范,84668
11,1282844141610487833,高尚的语言包含着真诚的动机,84806
39,1282844190549671938,涨知识啦  ,84853
48,1282844190549671959,忙着一边写诗.🐷,85032
1,1282844183012495379,天才的作品是用眼泪灌溉的,85149
2,1282844198070013961,哈哈哈，真实😟,85296
110,1282844198070013967,红红火火恍恍惚惚,85422
1,1282844190549671953,是啊！,85577
196,1277202951619923987,处身权力的高墙之外,85829
25,1282844141610487816,世事洞明皆学问，人情练达即文章,85993
125,1282844166755373075,时间、地点、聊天内容和主讲人！,86027
88,1277202951619923997,很有意义.,86085
89,1277202898968891392,糖摄入过多可能引发糖尿病！🐭,86131
129,1277202974566973463,🙂,86146
196,1282844175731150876,可以说因时而变…,86354
134,1282844175731150870,地面显然经过人工平整,86462
108,1277202899015028741,明年后年,86472
18,1277202951619923984,那么🙏,86564
62,1282844141610487816,赞一个,86599
71,1282844190549671953,这样的口号太多了😑,86894
107,1282844183012495388,看看英国的王室就知道了！,87078
2,1282844166755373067,我对约翰·凯奇的判断也深以为然；原因之二,87306
197,1282844175731150852,嘻嘻🤭,87492
98,1277202961912811534,满足他们这方面诉求的东西还不够,87595
2,1277202951619923982,角度新奇，立意独特,87633
37,1282844166755373083,看到标题的一刹那，就有种腿软的感觉,87667
1,1282844198070013952,我决定换一家继续看,87707
230,1282844198070013968,前排,87796
6,1282844183012495360,棒极了,88249
34,1277202951619923979,感觉有些沉重了.,89331
49,1277202961912811532,四念处等法门,89354
25,1282844183012495377,语言真是一门学问，如果我们会用欣赏的眼光去看待别人，自然会发现别人身上的闪光点，用智慧的美言与别人交谈，那我们的人际关系就会更加和谐，更加美好。,89462
108,1282844175731150854,电视实况把人类带入一体化的地球村,89889
170,1277202951619923991,伟大的作品不只是靠力量完成，更是靠坚定不移的信念,90110
85,1277202961912811533,是啊,90283
78,1282844198070013957,再有就是这次我比较注重烘干效果,90417
35,1282844190549671938,真的很棒，太美了！,90685
100,1277202974566973462,关心公益，应当是每个有相当教养的人所共同的。💪,90726
107,1282844190553866241,如果把它外用在头皮稀疏的地方,90734
71,1282844175731150865,一些家长很热心🐪,90756
37,1277202974566973452,有些晦涩难懂,90835
166,1282844198070013954,女少口阿,90889
198,1282844198070013974,坐在坝子里玩手机…,91375
52,1277202961912811538,通读文章，感慨万千,92177
36,1277202951619923986,看破不说破…,92183
106,1282844198070013961,用爱心来做事，用感恩的心做人,92470
33,1282844166755373075,王小慧的人生是艺术的人生！,92499
45,1277202951619923988,学习了…,92628
95,1277202974566973442,读起来有点困难，可能是我理解力不够,92816
77,1277202951619923977,很有意义！🐧,92836
39,1282844183012495376,还是需要理解能力的,93151
43,1282844183012495385,能够立于一个更广大的角度来看待人事变迁,93423
1,1277202961912811541,顶住顶住,93638
37,1282844141610487822,我喜欢这篇文章传达的东西🐤,93640
226,1282844175731150872,可是这次拍摄的是赫本,93803
130,1277202909135785988,伟大的作品不只是靠力量完成，更是靠坚定不移的信念,94235
2,1277202951619923980,认为自己本质上是个中国人,94258
61,1277202899015028744,首先要做到的是提前约请,94285
24,1282844166755373061,思维值得学习,94302
79,1282844141610487822,受益匪浅 ,94495
100,1282844198070013953,善待每一个身边的人，平静的面对纷扰的世界,94563
125,1277202961912811542,青年长于创造而缺乏思考，长于猛干而短于讨论，长于革新而短于持重！,94573
2,1277202899015028741,贴近生活，倍感亲切,94682
9,1277202899015028736,说的真好，这世上之事大抵如此吧！,95131
106,1282844183012495368,愿中国青年摆脱冷气，只向上走🐻,95250
2,1282844198070013981,您的文章让我感受到片刻的宁静,95308
42,1282844166755373063,天才的作品是用眼泪灌溉的！,95444
91,1277202951619923969,精神乃至灵魂的共鸣🙇,95518
95,1277202951619923997,很有意义😼,95710
1,1282844166755373074,舒适度很重要，此文便是,95855
37,1277202951619923970,太秀了😜,95861
26,1282844183012495377,精辟,96103
197,1282844198070013955,生灵涂炭,96439
33,1282844141610487810,这个艺术中心是围绕着王小慧艺术中心发展起来的艺术研究机构,96637
27,1277202888004915200,真的好看,96907
44,1282844183012495380,好久没有静下来享受获得知识的感觉了,96960
39,1282844183012495389,精辟,97253
6,1277202888038469635,老铁稳👌,97279
92,1277202961912811544,棒！火钳刘明！,97333
2,1282844190549671960,👶帕慕克说了这个；你看.,97362
34,1282844183012495376,🙂,97758
91,1277202974566973461,你将会深刻的认识到一点,97816
43,1282844198070013963,我一直觉得我们的教育很填鸭💂,97864
95,1282844198070013959,是否知道学习最重要的先决条件是什么？是客观的反馈😲,98247
6,1282844166688264192,学习了👍,98255
2,1282844141610487832,我发现,98377
198,1282844175731150862,风特别好,98619
125,1282844190553866240,查水表…,98658
95,1282844175731150864,用得好可以起到非常好的效果,98725
11,1282844190549671952,我读过梁氏部分莎翁戏剧的译文,98728
39,1282844166755373075,读起来有点困难，可能是我理解力不够,98835
46,1282844175731150858,老师讲的太好了,98885
6,1282844190549671952,他就是一个不折不扣的哲学家…,98910
37,1282844198070013958,细节描写别具匠心，细致入微,98978
39,1277202951619923994,做的不错呦！,99041
49,1277202974566973467,赞一个,99101
74,1282844166755373078,看破不说破.,99196
88,1282844166755373072,精神乃至灵魂的共鸣,99279
97,1282844198070013975,如明代后期多见白玉斋、雨香斋、聚贤堂…,99644
107,1282844190549671943,就是我的头皮经常容易出油,99839
166,1282844198070013980,末次冰期结束👮,99897
35,1277202951619923990,金钱可以使人品格和性格变的更糟,99952
12,1282844183012495376,棒！火钳刘明,100049
26,1277202974566973466,贴近生活，倍感亲切🙌,100203
58,1282844183012495373,早些年我曾到上海电影厂当过编剧,100465
19,1282844190549671961,市民文化呼唤着自己的文化巨人,100556
89,1282844166755373079,棒极了,100740
35,1282844141610487812,他们做那么多事以至达到忘我境界！,100817
125,1282844190549671938,完全是朋友间的口耳相传,101902
12,1277202974566973463,好久没有静下来享受获得知识的感觉了,102014
41,1277202961912811534,???,102175
48,1282844183012495374,我联系了圣路易市的华盛顿大学,102404
105,1277202898968891392,探索实现人类自由的其他可能性,102438
6,1282844198070013964,我裂开了👶,102447
35,1282844175731150875,老铁稳,102514
98,1282844198070013963,FUN文化与城市生活相关,102556
82,1282844183012495384,把戴家的孩子们都当做亲生的对待,102763
66,1282844183012495371,我裂开了,102805
174,1282844141610487808,温故而知新,102898
32,1277202974566973468,嘻嘻🤭,103025
67,1277202961912811536,精神乃至灵魂的共鸣…,103416
37,1282844166755373061,涨知识啦  ,103497
92,1282844141610487830,哪吒一改常规的正派形象,103530
6,1277202888038469632,善辩的天赋是一种把智者仅仅思考的思想说出来的才能  ,103562
196,1277202909102231552,有的是因为人生的沉沦,103847
24,1277202974566973456,思维值得学习,104009
68,1282844175731150869,偶尔吃个饭唱个歌,104349
51,1282844141610487823,真佩服，满腹经纶，这果然是奥妙,104438
170,1282844190549671941,一个都没看懂！,104567
97,1282844183012495387,读起来有点困难，可能是我理解力不够,104652
35,1282844141610487815,学习了,105506
65,1282844183012495381,红红火火恍恍惚惚.,105946
11,1282844175731150855,当代缺的就是这种智慧与豁达,106223
125,1282844190549671948,看破不说破,106262
41,1282844198070013962,🐚老铁稳！,106525
12,1277202961912811545,伟大的作品不只是靠力量完成，更是靠坚定不移的信念,106574
42,1282844190549671957,这是很高的标准！,106764
44,1277202951619923994,优秀人物的错误，就在于获得世人的赏识而浪费青春,107472
6,1277202974566973444,不会只有我才知道这位老师多么优秀吧？,107483
1,1282844183012495379,那我觉得此类人适合到外太空生活,107486
95,1277202961912811548,我连墙都不扶，就服你。,107624
125,1277202961912811522,留莫西干头,107923
52,1277202974566973457,就这？,108146
86,1277202961912811546,散文还没成书…,108288
198,1282844141610487813,你懂的,108308
2,1282844166755373084,后面的作家说得可能比前面的更好！,108427
33,1277202899015028737,一个病毒的细胞,108684
104,1282844190549671954,我的原生家庭给与了我充分的自由去选择…🙌,108704
105,1277202951619923972,我连墙都不扶，就服你。,108793
35,1282844141610487832,太秀了,109063
196,1282844141564350464,我喜欢这篇文章传达的东西🐅,109200
37,1277202974566973440,逐渐上头😂,109361
73,1277202961912811549,思维值得学习！,109385
37,1282844198070013974,老师讲的太好了！,109474
67,1277202951619923983,为什么如此痴迷科幻,109483
34,1277202951619923974,做的不错呦…,109899
196,1277202961912811539,饮酒既映射出不同时代的精神风貌,110188
125,1282844183012495378,逐渐上头😂,110235
11,1282844141610487831,角度新奇，立意独特,110387
12,1282844183012495375,青年长于创造而缺乏思考，长于猛干而短于讨论，长于革新而短于持重,110561
93,1282844190549671945,学习了,110859
33,1282844175731150854,我觉得我更加清楚地认识自己…😖,111009
11,1282844183012495366,角度新奇，立意独特,111181
40,1282844166755373072,看似浅显易懂，实际太多沉淀啦…,111478
58,1277202951619923976,思维值得学习,111634
40,1277202974566973447,辛苦做视频的小伙伴了,111664
2,1282844198070013972,伟大的作品不只是靠力量完成，更是靠坚定不移的信念.,111831
196,1282844166755373079,但他们同样都生活在盛唐🐦,112064
37,1282844175731150864,哈哈哈，真实,112278
58,1282844190377705472,早些年我曾到上海电影厂当过编剧.,112350
99,1282844183012495373,艺术和科学的价值在于没有私欲的服务，在于为万人的利益服务,112390
11,1282844183012495370,他译的小说《毁灭》和理论著作《苦闷的象征》,112477
62,1282844183012495370,怎么才永恒？勇敢就永恒,113188
12,1282844183012495377,不会只有我才知道这位老师多么优秀吧？,113358
6,1277202974566973453,你可以把它当成准宗教式的信仰！,113460
35,1277202899015028736,最大的误区是很多人认为有钱人会比穷人更幸福,113754
134,1282844141610487808,太赞了😦,113978
134,1277202974566973451,为什么他们在火星坟场边一下子感情复杂起来,114026
103,1277202951619923973,知识上的富有可以享受心灵上的满足,114102
27,1277202961912811538,嘻嘻🤭,114368
92,1277202888038469637,角度新奇，立意独特,114718
170,1282844183012495382,让我美餐了一顿,115009
130,1277202899015028741,做的不错呦,115437
134,1282844141610487812,😘我和阿羽在月球一个僻静的降落场离船…,116053
37,1282844190549671939,老师讲的太好了,116250
32,1277202961912811545,拍的是普通的相互交叉的铁路,116293
96,1277202974566973441,出版一做深似海,116709
27,1282844166755373070,名家风范！,116716
37,1277202951619923973,医学知识太神奇啦  ,117447
61,1277202899015028737,学习了,117608
24,1282844190549671947,赞一个🐏,117832
107,1277202974566973467,我的发量明显减少,118189
39,1277202974566973447,很打动我，感同身受,118241
92,1282844190549671958,还是需要理解能力的,118350
107,1277202888038469635,是一种很老很老的降压药,118374
83,1277202974566973446,姨婆受不了这个,118811
207,1282844166755373061,顶住顶住🙆,118834
18,1282844190549671937,666.,118860
49,1277202974566973462,从小乘所提倡的有相定,119047
174,1282844198070013958,学者们往往有一种触类旁通的本领,119200
70,1277202961912811535,含蓄幽默，耐人寻味,119217
14,1282844175731150870,旋转幽婉，诗意抒情。点点凝聚在字里行间；涓涓流水，群鸟随云；任其诗意徘徊，经久难散,119325
37,1277202974566973459,😌棒极了…,119365
58,1282844141610487808,真佩服，满腹经纶，这果然是奥妙,119461
23,1282844183012495378,???,119529
56,1282844141610487832,细节描写别具匠心，细致入微😵,119579
196,1282844183012495386,有人因艳遇而饮,119606
163,1277202974566973457,做的不错呦,119663
68,1282844175731150872,总感觉作家的世界离我好远又好近,119682
92,1282844175731150875,心里就盘算着今天我要多背几个单词或者是今天我要多做点工作,119899
62,1282844183012495384,不愧有大家风范！,120052
11,1282844166755373057,舒适度很重要，此文便是,120154
92,1277202961912811529,😝精神乃至灵魂的共鸣.,120186
196,1277202951619923980,痛饮狂歌空度日,120231
98,1282844141610487810,大方不论做新锐文学图书也好,120231
2,1282844175731150873,帕慕克表达了他对曼的崇高的敬意；纳博科夫认为福克纳毫无意义时🐤,120284
197,1282844166755373067,棒！火钳刘明…,120328
98,1282844198070013967,每个人都有把自己的观点表达出来的欲望,120601
37,1277202974566973461,看破不说破,121024
87,1282844198070013973,对我也有这方面的引导.,121151
174,1277202888038469639,同样是腰间盘，为何你如此凸出,121238
106,1282844183012495386,爱自己很容易，爱亲人很容易，爱陌生人很难！,121255
103,1282844190549671959,真的好看,121904
166,1282844141610487828,起源于沅江流域的高庙文化群体也在中华民族的融合中,121926
207,1277202974566973460,赞啊！,122074
2,1277202951619923993,666,122200
109,1277202951619923991,并在《商报》上公开发表,122242
44,1277202974566973454,有些晦涩难懂,122260
174,1282844190549671936,真的好看…,122311
36,1282844166755373082,所以我得到了双倍的爱,122730
13,1282844175731150871,不明觉厉…,122762
77,1282844198070013962,也许仅仅为了寻找食物,123015
196,1282844141610487810,就这？,123363
242,1282844166755373079,我用一趟又一趟慢悠悠的绿皮火车,123378
125,1282844183012495368,天才的作品是用眼泪灌溉的,123673
68,1277202951619923994,百家争鸣，旗鼓相当,123698
37,1282844175731150865,读起来有点困难，可能是我理解力不够,123847
74,1277202951619923985,总感觉作家的世界离我好远又好近…,124447
12,1282844141564350464,红红火火恍恍惚惚.,124603
34,1277202951619923971,这一年我没有白白度过,124944
102,1282844198070013968,山东人民喝的是很豪爽的,125176
106,1282844190549671942,就这？,125294
196,1282844141610487812,飞扬跋扈为谁雄？这一年秋天李杜各奔前程,125303
56,1282844190377705472,但却无法在公众中产生比较大的影响力,125556
48,1277202974566973462,真的好看…,125957
40,1282844198070013963,哈哈哈，太有意思了！,125992
6,1282844141610487815,深厚的文字功底才能撑起炫技一般的语言,126086
125,1282844175731150864,正是成家立业的多事之秋,126119
13,1277202951619923973,赞一个👼,126224
62,1282844141610487818,读书使人充实，思考使人深邃，交谈使人清醒,126475
56,1277202974566973456,七零后为什么会有七零后这样的概念,126509
6,1282844141610487823,在历史的土壤中理解哲学为什么思维模型源于实践,126519
36,1277202951619923968,不会只有我才知道这位老师多么优秀吧？,126559
237,1277202961912811541,不会只有我才知道这位老师多么优秀吧？,126664
48,1277202951619923976,诗歌不能使任何东西改变或发生,126949
43,1282844166755373061,一个人的度量是一种精神力量，是一股强大的文明力量,127105
110,1277202899015028741,女少口阿😥,127140
6,1277202951619923984,也很难从思想史的角度…,127166
207,1277202888004915200,这是那个年代我最熟悉也最欣赏的一道风景线,127369
166,1277202888038469633,赞一个,127410
33,1282844183012495389,学会微笑是生活的艺术…,127453
6,1282844166755373081,也可以把它看成反宗教的文化现象——这也正是为什么雅典人以渎神的罪名起诉苏格拉底,127571
36,1277202909135785989,这就是艺术啊？第一次进城，不敢说话~,127640
39,1282844190549671942,💪涨知识了…,127816
107,1277202909135785986,🐪每天学一点，幸福全家人  ,127897
166,1282844190549671953,有些晦涩难懂🙈,127973
34,1277202899015028743,感觉有些沉重了,128116
6,1277202951619923984,看到标题的一刹那，就有种腿软的感觉,128270
14,1277202909102231552,势必会推动医学和生物学相关领域的经济发展,128335
7,1277202974566973453,太厉害了.,128400
36,1282844198070013972,比如前些年,128488
105,1282844175731150866,而这个虚拟的世界又是对现实世界的投射👈,128747
208,1282844190549671940,同样是腰间盘，为何你如此凸出,128774
65,1282844166755373059,长卓人竞,128782
46,1282844198070013953,比喻贴切，用词生动,128932
110,1277202899015028736,一个人的度量是一种精神力量，是一股强大的文明力量！,128947
197,1277202951619923982,一个都没看懂！,129031
64,1282844141610487821,似乎唯有妹妹这一个称谓才贴切于上海😌,129215
50,1282844183012495364,检验真理的工作也没有被过去某一个时代的一批学者一劳永逸地完成；真理必须通过它在各个时代受到的反对和打击被人重新发展,129222
42,1282844166755373067,我裂开了.,129597
34,1282844175731150852,难免感叹时光流逝得快😷,129757
70,1282844198070013969,嘻嘻🤭,129758
196,1282844175731150867,要等他尝够了朝扣富儿门,130313
43,1282844198070013974,很打动我，感同身受,130589
35,1282844198070013965,艺术人生！,130596
69,1282844183012495388,查水表,131041
1,1277202909135785991,涨知识了,131160
73,1282844141610487833,知识上的富有可以享受心灵上的满足,131201
25,1282844183012495377,可长寿技术不断进步唉,131224
87,1277202909135785988,顶住顶住.,131268
86,1282844175731150876,前排,131411
2,1282844175731150872,嘻嘻🤭,131449
57,1277202951619923981,我一口气看完了你的所有文章，太精彩了！,131678
34,1277202974566973468,这就是艺术啊？第一次进城，不敢说话~,131727
12,1282844175731150872,伟大的灵魂就像高耸的山峰,131742
196,1277202909135785988,到处干谒那些蔼蔼王侯,131998
91,1277202974566973452,把父母接出来住,132341
226,1277202961912811548,而当时的王小慧在慕尼黑电影学院导演系学习🙉,132420
20,1277202961912811535,红红火火恍恍惚惚,132623
125,1282844175731150855,优秀人物的错误，就在于获得世人的赏识而浪费青春,132639
106,1282844141610487833,赞一个,132917
81,1282844183012495377,我选了他的一本抒情诗选,132966
226,1277202961912811540,精彩…,134400
2,1277202961912811538,看破不说破,134419
48,1282844183012495381,确实从一开始就是把读诗、写诗、翻译诗连在一起了…,134730
62,1277202888038469639,洪启的歌曲在推广、制作上还比较简陋,134877
42,1282844166755373084,百家争鸣，旗鼓相当🐒,134931
54,1282844198070013968,我裂开了,135322
88,1277202951619923978,很有意义,135333
60,1282844175731150860,选择慢的权利也被剥夺了…,135335
198,1282844183012495382,受教了,135379
42,1282844141610487833,品一篇美文，仿佛品一壶千载的醇酒；丝丝的辛辣蕴藏着言不尽的甜蜜,135423
44,1282844141610487831,老铁稳😢,135662
196,1282844166755373081,🙂,135690
196,1277202961912811544,但那是几年以后的事情了,135790
12,1277202974566973448,甚至还可以将历史上的老子虚化,135801
34,1282844198070013955,做的不错呦🐑,135806
166,1277202974566973463,学习了,135851
163,1282844175731150859,教育学家将学习场景划分为营火、洞穴、水源和山顶😼,135862
50,1282844141610487819,至于其他现当代文学的代表作家,136189
49,1277202974566973453,只是因为我们不认识体,136202
60,1277202961912811520,让我性格里植入了一种不安的成分：我渴望离开家乡,136214
33,1282844175731150856,我觉得这是最高的境界…,136278
170,1282844175731150871,说的真好，这世上之事大抵如此吧！,136473
12,1282844166755373073,取众家所长,136488
59,1282844190549671947,我在化工技校没学到什么真正的技术,136892
35,1282844183012495373,精辟,137055
44,1282844183012495385,一个都没看懂！,137424
36,1282844175731150874,分享给读者朋友们问：我从您的博客上了解到许多关于您的童年和成长的事情,137441
61,1277202951619923969,当代缺的就是这种智慧与豁达,137542
37,1277202888038469635,有些晦涩难懂,137581
36,1282844166755373075,旨在表彰对德中友谊作出杰出贡献的人,137676
44,1282844198070013966,开始以为是青铜，没想到是个王者.👊,137900
35,1282844190549671938,艺术家这个身份界限还是很模糊的,137993
23,1282844183012495364,有些晦涩难懂…,138105
62,1277202961912811522,真正的艺术品包含着自己的美学理论，并提出了让人们藉以判断其优劣的标准,138143
170,1282844175731150853,细节描写别具匠心，细致入微,138209
75,1277202951619923968,666😤,138423
196,1282844141610487824,您的文章让我感受到片刻的宁静,138459
81,1282844198070013970,通读文章，感慨万千,138642
14,1282844198070013963,不愧有大家风范,139209
19,1277202974566973451,感觉有些沉重了！,139245
105,1282844198070013975,我以为的科幻之所以狭隘是因为它对所有问题的解决出口是科学家幻想,139318
174,1277202951619923986,😢很打动我，感同身受…,139723
24,1282844198070013962,青年长于创造而缺乏思考，长于猛干而短于讨论，长于革新而短于持重,139772
11,1282844190549671941,太秀了,139952
98,1282844166755373076,并提供能满足他们文化需求的产品,140385
197,1282844190553866241,不愧有大家风范,140398
59,1282844190549671942,说的真好，这世上之事大抵如此吧！,140655
12,1282844166755373067,好学而不勤问非真好学者,140912
174,1282844190553866242,看破不说破😱,141005
65,1282844166755373072,666🐯,141049
101,1282844190549671960,真的很棒，太美了！,141107
6,1277202951619923982,看破不说破.😮,141306
81,1277202951619923986,不明觉厉,141435
34,1282844198070013960,比喻贴切，用词生动,141516
125,1277202951619923984,怎么了？但是灯暗下去,141661
129,1277202974566973444,充满商业细胞的商人，赚钱无所不在，无处不在.,142073
6,1282844141610487819,一起坐下来审视柴刀本身的问题,142274
107,1277202951619923972,我裂开了,142494
6,1277202951619923996,红红火火恍恍惚惚,142516
20,1282844166755373059,比喻贴切，用词生动,142571
111,1282844141610487814,画风受日本画家竹久梦二、中国画家陈师曾等人影响,142991
226,1282844183012495388,懊丧之余,143156
1,1277202961912811536,赞啊！,143295
12,1277202974566973440,在座的各位能在这相遇就不用我多说了吧,143327
37,1282844183012495368,🙂,143330
20,1277202974566973457,读起来有点困难，可能是我理解力不够.,143590
67,1282844166755373066,细节描写别具匠心，细致入微,143617
125,1277202974566973443,哪有工夫对着过去抒情,143792
40,1282844198070013972,棒极了🐣,143847
100,1282844190549671957,从整体社会的角度来看，公益这件事更像是润滑剂,144077
242,1282844190549671960,这个诗人海子曾经留下不朽诗篇的地方,144084
43,1277202899015028739,我看书时不忙着下定论,144124
50,1277202909135785986,顾准其人其书,144208
62,1277202909135785989,优秀人物的错误，就在于获得世人的赏识而浪费青春🐒,144290
36,1282844166755373073,我来浇🙇,144469
163,1277202961912811532,就一定要开始亲自阅读、亲自思考,144519
85,1277202899015028744,一分钟的思考抵上一小时的唠叨，而此文让我思考了很久…,144823
43,1282844141610487820,可见一个家庭长久地保有阅读的习惯.,145102
19,1277202899015028738,直到他终于在47岁那年才算通过考试.,145221
129,1277202961912811521,大师，我悟了！,145441
35,1282844166755373064,艺术家观察无形，倾听无声，重新整理并把它们肃清，留下痕迹，让生活和生命获得第二生命。,145614
20,1282844141610487821,语言是心灵跟文化教育的反映…😰,145681
37,1282844141564350464,赞一个😝,145819
87,1277202974566973467,角度新奇，立意独特,145867
23,1282844141610487821,同时也和国内的交通状况、观点形成了很鲜明的对比……旅游中的故事有很多,146082
6,1277202961912811533,看破不说破,146084
196,1277202961912811532,名家风范😟,146101
59,1282844175731150864,伟大的灵魂就像高耸的山峰,146230
97,1282844141610487831,好学而不勤问非真好学者,146440
107,1282844166755373080,前排,146498
43,1282844190549671958,学习很多东西的诀窍在于——不要一下子学很多东西,147361
42,1282844175731150868,细节描写别具匠心，细致入微,147371
26,1282844141610487821,语言是心灵跟文化教育的反映,147754
37,1282844198070013960,我裂开了！,148056
107,1282844141610487825,开始以为是青铜，没想到是个王者🐴,148348
37,1282844183012495379,是啊…😸,148513
99,1282844166755373070,哈哈哈，真实,148532
107,1277202899015028744,再吃也基本上没什么用…,148657
80,1277202951619923981,公益事业一直温暖着人们的心房🐅,148808
125,1282844190549671960,开始以为是青铜，没想到是个王者.,148814
69,1277202888038469635,我裂开了,148878
70,1282844166755373081,学习了,148967
95,1277202909135785992,越来越没有自知之明了，这种文章我也敢点进来看了！,148968
35,1282844141610487818,什么是幸福？这点我很想和大家一下我在自传《我的视觉日记》中一段对幸福的诠释,149240
108,1277202974566973442,嘻嘻🤭🐉,149264
57,1282844190549671957,令世人震惊、恐惧不已,149428
2,1277202951619923985,真理是检验实践的唯一标准,149668
207,1282844166755373066,高尚的语言包含着真诚的动机,149934
14,1277202974566973446,一个都没看懂！,150150
12,1277202951619923982,因而《老子》又被称为《道德经》,150292
12,1277202951619923989,文本基本没有什么差别,150299
68,1282844141610487815,当一个作家深切的感到自己和人民血肉联系的时候，就会给他以美和力量,150547
226,1282844175731150856,不明觉厉🐢,150835
50,1277202951619923997,取众家所长,151467
174,1282844175731150852,查水表😿,151690
107,1282844198070013953,老铁稳！,151738
129,1277202888038469640,有些晦涩难懂🐱,151822
11,1277202951619923979,舒适度很重要，此文便是🐧,151849
53,1282844166755373069,他们就有一种惊奇的感觉：天皇能斩断过去重新再生？我认为🙋,151869
93,1277202974566973460,这些无论对他,152074
82,1282844175731150861,天才的作品是用眼泪灌溉的.,152097
72,1277202888038469640,思路清晰明白，感谢传授,152228
87,1282844175731150873,但那时还没有对一些有历史的建筑物特别感兴趣🐃,152319
1,1277202961912811536,永生不必担心全球化来烦自己,152322
43,1282844190553866242,从连环画开始了解大概的故事.,152353
35,1282844183012495360,然后我说：看到这段话,152482
72,1277202974566973462,我脸上涂了柠檬汁大家就看不见我了.,152605
78,1277202974566973456,精神乃至灵魂的共鸣🐙,152656
37,1277202888038469636,思维值得学习,152676
88,1282844166755373075,是啊！,152721
130,1282844183012495376,比喻贴切，用词生动…,152737
69,1277202961912811535,读书使人充实，思考使人深邃，交谈使人清醒.,153001
89,1277202961912811526,不会只有我才知道这位老师多么优秀吧？,153054
39,1282844175731150861,医学知识太神奇啦  ,153368
174,1282844166755373084,果真是有大学问之人,153452
55,1282844190549671951,思维值得学习,153559
129,1277202888038469639,沙发,153815
67,1282844183012495389,还是需要理解能力的,153831
41,1282844190549671946,比喻贴切，用词生动🐐,153927
11,1277202974566973464,老实说我对家书中的傅雷印象不好,153985
36,1282844141610487816,那您对中国传统文化有什么样的看法？您觉得你身体和思想里,154043
13,1282844175731150867,看破不说破,154133
85,1282844198070013971,红红火火恍恍惚惚😪,154231
33,1277202961912811533,请了五个嘉宾而只有她一个人到场,154240
39,1282844175731150856,太厉害了…,154585
125,1277202974566973455,前排,154772
49,1282844141610487829,取众家所长.😟,154843
208,1277202961912811537,思维值得学习,155001
166,1277202951619923986,棒！火钳刘明,155011
12,1282844183012495365,把老子与老聃分拆为二,155022
100,1277202961912811532,老铁稳,155191
35,1277202974566973458,涨知识了,155200
103,1277202951619923981,赞一个,155268
110,1277202974566973453,棒极了,155269
2,1277202899015028743,🐩既要敢于突破陈规，又要放开手脚打破条条框框…,155400
87,1277202899015028742,顶住顶住,155504
99,1277202888038469640,从另一个视角向往艺术的美丽。💂,155883
67,1282844198070013953,通读文章，感慨万千,155936
24,1282844141610487812,有些晦涩难懂,155967
226,1282844175731150865,回忆起当年的拍摄经历,156112
101,1282844190549671955,溜了溜了😰,156239
11,1277202951619923991,细节描写别具匠心，细致入微,156417
37,1282844166755373076,就这？,156491
50,1282844198070013953,有内涵的文章才是好文章,156765
110,1282844175731150860,请问老师，如何写作呢？,156970
2,1282844141610487809,判断的确并非一直可靠…,157211
79,1282844183012495376,把所有的音乐光盘收回,157303
105,1282844190549671950,也只是解决世间繁杂事务的方法之一！,157415
85,1282844183012495388,棒极了…,157501
1,1282844166755373076,如果知识不是每天在增加，就会不断地减少,157633
196,1282844166755373064,豁尔而醒；静听不闻雷霆之声.😭,157963
75,1277202951619923973,两个字，到位…,157994
2,1277202951619923989,女少口阿🐳,158026
84,1277202974566973460,它们或许渗透进了沿岸的土壤里,158040
64,1277202974566973457,当然作者自己的真伪并不重要,158052
107,1277202974566973449,涨知识啦  ,158266
70,1282844166688264192,我儿子已经可以直接阅读《史记》、《三国志》了,158339
101,1277202888038469635,缺乏热情的艺术家好似没有颜料的画家,158419
163,1277202961912811528,而是能够更好地凸显阅读的特点,158677
197,1277202974566973456,顶住顶住👮,159391
163,1277202951619923979,细节描写别具匠心，细致入微,159400
77,1282844183012495387,似乎永远在挑剔这太不完美的世界…,159451
41,1282844190377705472,但我不反对年轻人浮躁！💂,159537
15,1277202951619923979,我读过的书基本上没有辜负我在它们身上所花的功夫.,159567
106,1282844183012495380,爱自己很容易，爱亲人很容易，爱陌生人很难,159946
42,1282844166755373078,前排,160017
84,1282844198070013964,太赞了,160068
33,1277202888038469634,这是非常跨界的一件事情,160271
109,1282844141564350464,思维值得学习,160397
6,1282844190553866241,看来要学会自己跟自己吵架了  ,160464
60,1277202951619923993,学习很多东西的诀窍在于——不要一下子学很多东西,160756
130,1282844141610487819,涨知识了！,161072
50,1277202888004915200,既要敢于突破陈规，又要放开手脚打破条条框框,161123
49,1282844198070013957,就真正明白了生命的真相,161271
108,1277202974566973459,使其将内容的现场化、可视化易如反掌,161769
34,1282844190549671947,女少口阿,161842
107,1282844166755373056,医学知识太神奇啦  ,163154
102,1282844166755373060,它就是一种叫做精神价值与生活方式的共同体,163338
12,1277202961912811529,一个都没看懂！,163393
74,1282844198070013967,一个真正的作家至少应该有一种同情心,163775
12,1277202951619923992,基本反映了老子的思想；一派认为成书于战国时期,163781
92,1282844198070013975,犹如《哪吒之魔童降世》里面的哪吒与敖丙,164051
11,1282844141610487823,既要敢于突破陈规，又要放开手脚打破条条框框.,164155
106,1282844175731150858,说的真好，这世上之事大抵如此吧！,164284
35,1277202951619923973,而在西方恰恰是很多有钱人都有心理的问题😺,164288
73,1282844141610487811,如果知识不是每天在增加，就会不断地减少,164329
12,1282844141610487827,沙发,164465
36,1282844190553866242,我喜欢这篇文章传达的东西,164563
197,1282844190549671953,知识上的富有可以享受心灵上的满足,164687
14,1277202974478893056,💁他们在做着一份彰显日本模式的作业！,164860
12,1282844175731150876,有人便抓住这一点断言,164898
226,1282844183012495384,回忆起当年的那次拍摄经历,165059
14,1282844190553866242,再一次向世界展示了它在医疗科技方面占据的优势,165291
80,1282844183012495385,精辟,165339
19,1282844198070013962,我裂开了！,165350
239,1282844198070013964,但也就意味着彼此的高度依存,165403
37,1277202951619923997,就这？,166171
58,1277202961912811530,总有一天要靠本事吃饭😎,166253
21,1277202888038469635,在座的各位能在这相遇就不用我多说了吧,166349
110,1277202888038469638,很有意义,166446
62,1277202888038469636,从另一个视角向往艺术的美丽。,166818
52,1282844183012495368,不会只有我才知道这位老师多么优秀吧？,166893
11,1277202951619923976,真的好看,167144
20,1282844183012495389,莫不如此🐵,167174
72,1277202974566973467,我一口气看完了你的所有文章，太精彩了！,167208
73,1282844175731150852,艺术和科学的价值在于没有私欲的服务，在于为万人的利益服务,167282
106,1282844141610487817,伏尔泰曾说过：为公益做出最大牺牲的人，都是最有道德的人🐥,167344
198,1277202974566973448,挺爽——但真正轮到我自己一个人飞,167386
75,1282844190549671947,舒适度很重要，此文便是,167558
46,1277202888038469640,通读文章，感慨万千,167596
170,1277202951619923988,感觉有些沉重了👶,167668
53,1282844141610487826,就感觉你天皇家用我们纳税人的钱,167705
196,1277202974566973450,其中有些人彼此不一定相识,167786
34,1282844198070013961,我裂开了…,167937
40,1282844190549671957,太秀了,168088
79,1282844175731150860,太赞了,168106
32,1282844183012495360,性这个主题其实和生、和死、和爱都有关系.,168144
1,1277202974566973444,一种类型小说丰沛如此,168155
26,1277202951619923973,学习很多东西的诀窍在于——不要一下子学很多东西🙎,168321
97,1277202899015028744,吃不了学习的苦，就要吃生活的苦,168903
57,1282844175731150851,检验真理的工作也没有被过去某一个时代的一批学者一劳永逸地完成；真理必须通过它在各个时代受到的反对和打击被人重新发展😶,168940
88,1277202974566973451,好文章首先要有好意境，然后才是好文字,168966
100,1282844183012495366,通过做项目挖掘发觉学生潜力、培养学生能力和团队协作,169236
76,1277202951619923984,学习知识要善于思考、思考、再思考,169278
66,1277202951619923993,在我看来,169295
11,1282844141610487808,🙅还是需要理解能力的…,169561
102,1282844175731150852,他说文化是根植于内心的修养、是无须提醒的自觉、是以约束为前提的自由、是为他人着想的善良,169562
40,1282844198070013961,🙂,170186
58,1277202951619923988,便又写！,170297
94,1282844141610487827,缺乏热情的艺术家好似没有颜料的画家！,170598
37,1277202974566973458,读起来有点困难，可能是我理解力不够👰,170726
60,1282844166755373066,学习很多东西的诀窍在于——不要一下子学很多东西,170875
36,1282844141610487832,曾经的同学、老师、各界领导以及学生,170880
2,1282844141610487828,在战斗中获得勇敢，在学习中获得知识🐪,170900
103,1277202909135785987,而我们往往掺杂大量的情绪…,171051
112,1282844141610487816,思维值得学习,171220
197,1282844198070013959,比喻贴切，用词生动,171241
37,1282844183012495362,沙发,171481
36,1282844175731150861,现在又做雕塑、装置、新媒体艺术⋯⋯跨界很多领域,171613
71,1282844141610487822,我是一个路人,171620
2,1282844141610487821,而纳博科夫把托马斯·曼的《威尼斯之死》作为最不能忍受者之一时🐓,171633
33,1282844175731150855,王小慧的人生是艺术的人生,171986
60,1282844190553866241,艺术家这个身份界限还是很模糊的,172094
130,1277202899015028741,顶住顶住,172098
97,1277202961912811543,同样是腰间盘，为何你如此凸出,172469
170,1277202951619923977,太厉害了😨,172557
174,1277202961912811537,学者有自立之志，当拔出流俗，不可泛泛与世浮沉。,172842
96,1282844166755373059,先是占据卧室化妆桌,172845
35,1277202961912811524,哈哈哈，真实,173125
74,1282844166755373074,查水表,173136
51,1277202888038469637,同样是腰间盘，为何你如此凸出,173431
125,1282844198070013961,知识上的富有可以享受心灵上的满足,174385
240,1282844141610487831,视野又开阔了,174387
107,1277202888038469634,关键在于,175032
40,1282844141610487831,还是需要理解能力的,175100
2,1277202961912811522,中关村大街46号院！,175119
25,1282844198070013961,读书使人充实，思考使人深邃，交谈使人清醒,175167
196,1282844183012495383,学习很多东西的诀窍在于——不要一下子学很多东西,175401
35,1282844198070013956,及愿望和可能性之间的！😫,175469
35,1282844141610487828,你们的幸福在你们手中,175629
39,1277202974566973454,我一口气看完了你的所有文章，太精彩了！,175640
113,1282844175731150857,因为有人性，所以有公益,175832
11,1277202899015028740,一个都没看懂！,176163
71,1282844190549671940,学者有自立之志，当拔出流俗，不可泛泛与世浮沉。,176223
63,1277202974566973458,期待下次的内容,176342
1,1282844198070013973,忽视了镜子；如果你偏要盯着社会学、植物学意义上的东西看,176436
12,1282844175731150874,一个人的度量是一种精神力量，是一股强大的文明力量,176825
33,1277202961912811531,老铁稳,176930
69,1282844183012495362,精辟💂,177385
55,1282844183012495361,感觉有些沉重了,177492
197,1282844166755373079,是啊,177593
35,1277202909135785985,太高雅了，欣赏不来！,177741
40,1282844141610487835,红红火火恍恍惚惚…👍,177872
104,1282844190549671948,我就是半专业的长跑运动员.,177895
1,1277202899015028740,单是犯罪小说就满满一间大屋子,178000
125,1282844166755373068,这不是一个回忆往事的好年龄,178401
37,1282844175731150874,感觉还是没有完全理解  ,178497
2,1277202951619923976,花了两天一个字一个字地学习！,178882
110,1282844175731150864,同样是腰间盘，为何你如此凸出👩,178887
230,1282844175731150852,就这？,179461
37,1282844166755373056,开始以为是青铜，没想到是个王者！,179546
196,1277202951619923972,岁月的河流缓缓流过，成长的足迹深深留下，蓦然回首，长大的路上留下一串串或深或浅的脚印，记载着欢乐，记载着忧伤，伴随我一路走来。,179686
90,1282844198070013976,越来越没有自知之明了，这种文章我也敢点进来看了.,179852
111,1277202951619923972,现代儿童文学绝非凭空出现,179932
35,1282844190549671956,艺术是一曲华章，突破苍穹的束；艺术是一幅水墨，点染无尽的山水；艺术是一支舞曲，恢弘青春之彩。,180179
24,1277202974566973454,学习了,180309
134,1277202951619923973,在战斗中获得勇敢，在学习中获得知识,180532
54,1277202899015028737,读起来有点困难，可能是我理解力不够😮,180934
25,1277202888038469639,仅仅只使用重离子加速器照射消除🐎,181435
71,1282844198070013965,精彩！,181787
34,1282844175731150858,新的一年开始回首往事时能对自己说…,181800
11,1282844175731150863,不管是悲剧、喜剧还是历史剧,182137
134,1282844141610487821,而且有一种后悔的神态…🙅,182444
70,1277202974566973453,做的不错呦,182723
37,1277202961912811528,精辟,183029
207,1277202909135785992,有时你会在一个不经意的场合中与当今的某位显赫的市长擦肩而过！或者在某一次重要会议室里.,183212
134,1282844198070013979,取众家所长🐒,183229
63,1277202951619923974,容易显示爱子的特殊化.😽,183261
130,1282844190549671938,好文章首先要有好意境，然后才是好文字,183519
196,1282844166755373081,比喻贴切，用词生动.,183832
36,1282844190549671949,去创造一些好卖的商品,184093
43,1282844190549671951,仿佛这样就可以保持心灵纯净,184141
100,1282844175731150876,不要局限于课堂、局限于身处的小环境,184158
109,1277202974566973456,茅盾、叶圣陶、郑振铎都在商务印书馆工作过,184178
12,1282844166755373066,看到标题的一刹那，就有种腿软的感觉.,184203
42,1282844190549671946,得其精要却又静然不语,184428
93,1282844166755373067,总要一种unique和humor,184440
1,1282844166755373081,老师讲的太好了！,184464
93,1277202974566973452,那时中目黑系聚集着文化人、设计师、还有不少流行品牌店！,185079
95,1282844166755373056,也不一定知道什么时候应该用哪一个方法😙,185100
62,1282844198070013974,平淡之中包涵生命的留念与不舍😓,185196
129,1282844141610487817,商场如战场 ,185371
53,1277202961912811533,优秀的作品无论你怎样去探测它，都是探不到底的！,185719
98,1282844183012495360,溜了溜了,185906
46,1282844175731150865,赞一个…,186034
84,1277202951619923968,精神乃至灵魂的共鸣,186194
35,1282844166755373065,调查显示67%的女人和56%的男人认为…🐱,186326
68,1277202974566973440,总感觉作家的世界离我好远又好近！,186329
36,1277202974566973449,太厉害了,186360
74,1277202974566973447,有很多解放以前的唐诗宋词的版本都放在他的抽屉里或桌子上…,186378
130,1282844183012495375,女少口阿！,186604
32,1282844175731150860,看到标题的一刹那，就有种腿软的感觉🐣,186892
90,1277202974566973451,艺术在常总是十分高雅而不可及的，其实它可以是一首歌一次展览一段经历……有艺术的生活就有欢乐，就有美。,186898
83,1282844175731150870,为自己和家人在这个上面花的时间都很少,186910
36,1282844141610487824,艺术离我们并不遥远，它就在你我身边。它可以是一首歌，一幅画，也可以是一件不起眼的小堡艺品。,187002
6,1282844166755373061,很好奇平常是通过什么方式练习的，对着镜子吗？,187023
70,1277202888038469633,赞一个,187470
33,1282844190549671948,都是既敏感又坚强的女性艺术家,187579
42,1282844141610487814,从这套书开始,187608
90,1277202974566973467,同样是腰间盘，为何你如此凸出,187698
34,1277202899015028742,难免感叹时光流逝得快,187806
170,1282844175731150862,有些晦涩难懂！,187827
13,1282844141610487811,希望民众响应美国疾病控制与治疗中心的建议,187883
110,1282844166755373081,有内涵的文章才是好文章,187894
109,1282844141610487826,胡愈之的新闻出版活动😮,188143
104,1282844183012495365,我想通过拳手的身份,188275
82,1282844175731150858,思维值得学习…,188319
229,1277202961912811530,更是对现实的关照和批判,188440
73,1282844141610487816,溜了溜了😨,188516
33,1282844166755373073,一朵花上的蕊,188651
39,1277202898968891392,今天又学到了！  ,188772
6,1277202974566973467,把哲学问题的发展脉络讲清楚🙇,188841
196,1282844198070013954,不如饮美酒,188902
94,1282844183012495375,前排,188908
51,1282844198070013962,旋转幽婉，诗意抒情。点点凝聚在字里行间；涓涓流水，群鸟随云；任其诗意徘徊，经久难散🐈,189280
37,1282844198070013971,看似浅显易懂，实际太多沉淀啦😲,189383
55,1277202961912811527,大家下了班…,189385
37,1282844166755373082,很有意义😫,189431
49,1277202961912811522,四念处等法门,189435
43,1282844198070013975,顶住顶住,189561
12,1282844183012495361,司马迁说老子著书上下篇,189621
11,1277202974566973441,一代翻译大师全走了,189751
2,1277202951619923969,涨知识了,189796
11,1282844141610487835,读者自会姑妄听之.,189942
71,1282844166755373073,学习的原动力就是好奇心,189998
107,1282844175731150849,你的子辈肯定也是,190448
2,1282844198070013963,看完了觉得这两天白过了,190780
166,1282844183012495374,🐙前排！,190784
11,1282844183012495379,逐渐上头😂🐷,191157
2,1282844190549671948,本书可以拿去做艺术硕士（MFA）创意写作课程的教科书…,191186
67,1277202961912811547,不会只有我才知道这位老师多么优秀吧？,191523
125,1282844183012495378,言之凿凿、居高临下的口气我不喜欢,191567
82,1282844166755373058,我是一个路人😹,191691
2,1282844166755373076,他顺道把纳博科夫也列入了他的最伟大之英雄的队列里…,192444
72,1282844166755373063,赞啊！,192467
6,1277202888038469634,什么时候还有辩论赛啊，我想看,192474
129,1282844166755373065,老铁稳,192713
208,1282844183012495361,涨知识啦  ,193024
35,1277202974566973466,通常人们以为智慧的人或者美丽的人会得到更多的幸福.,193060
12,1282844190549671958,检验真理的工作也没有被过去某一个时代的一批学者一劳永逸地完成；真理必须通过它在各个时代受到的反对和打击被人重新发展,193273
12,1282844190549671958,让我美餐了一顿,193504
55,1282844141610487824,语言真是一门学问，如果我们会用欣赏的眼光去看待别人，自然会发现别人身上的闪光点，用智慧的美言与别人交谈，那我们的人际关系就会更加和谐，更加美好。,193707
67,1282844190549671944,请问老师，如何写作呢？,193744
243,1277202951619923972,然后发出一声惊叹：哇！原来传说中的绿皮车真得能打开窗户诶！女孩子则一如既往地热衷于摆出各种pose来自拍.,193758
6,1277202899015028742,把哲学问题的发展脉络讲清楚,193780
2,1277202974566973454,🐦精彩…,193803
47,1277202951619923982,如果知识不是每天在增加，就会不断地减少,193924
107,1282844190549671938,它可以把我们体内的雄激素（也就是睾酮）还原成二氢睾酮,194054
67,1282844198070013961,很有意义,194087
104,1282844141610487824,爸爸顶住了全村人的歧视和异样的眼光,194167
19,1277202961912811534,受教了,194277
39,1282844141610487809,很打动我，感同身受！,194385
129,1282844141610487818,精明的商人只有嗅觉敏锐才能将商业情报发挥到极致！,194481
24,1282844175731150873,说的真好，这世上之事大抵如此吧！,194540
170,1282844190549671950,赞一个,194566
87,1277202888004915200,学习的原动力就是好奇心,194733
36,1282844175731150867,赞啊！,194802
196,1277202961912811549,🙂,194811
26,1277202909135785984,角度新奇，立意独特.,194843
63,1282844166755373058,中午和同学们一起在课堂里相聚共餐,195020
106,1277202961912811520,这两年😪,195197
163,1277202951619923968,有种黑暗森林的感觉,195634
70,1282844166755373067,就这？,195981
56,1277202961912811521,老铁稳.🙇,196156
60,1282844198070013962,让我美餐了一顿.,196524
6,1282844141610487822,甚至有一些占不上座而自带小凳坐在走道上的同学,196715
33,1282844175731150876,无论站在怎样的一群人当中,196773
166,1277202974566973467,学习了,196848
11,1277202961912811544,百家争鸣，旗鼓相当…,196942
62,1277202961912811546,精辟,197287
80,1282844141610487819,大师，我悟了！,197597
163,1277202974566973456,老铁稳…,197983
125,1282844175731150869,我与旁边一个三十一岁的兄弟谈及我的疑惑,198060
31,1282844175731150860,艺术家一开始好像都是业余爱好者,198330
48,1277202961912811528,写诗的陈探长可说是个绝无仅有的例外：他在一个又一个的案子中写诗,198452
36,1282844183012495373,艺术在常总是十分高雅而不可及的，其实它可以是一首歌一次展览一段经历……有艺术的生活就有欢乐，就有美。,198524
125,1277202961912811539,我是一个路人,198563
36,1282844175731150876,我最早读的是建筑学、室内设计、后来又去学摄影👊,198614
83,1282844183012495376,询问完我回国的时间后,198767
12,1277202974566973465,666,198772
70,1282844175731150863,哈哈哈，真实🐚,199069
36,1277202888038469635,一生饱读诗书,199083
12,1277202961912811544,舒适度很重要，此文便是,199185
35,1277202951619923976,中国人有一句俗话男人有钱就使坏😥,199667
91,1282844175731150858,青年长于创造而缺乏思考，长于猛干而短于讨论，长于革新而短于持重,199738
12,1282844141610487814,我裂开了,199987
86,1282844190549671945,是由认知主体选取的模式决定的,200078
6,1282844166755373081,才思敏捷说不定不是优势，只是对手太过于笨拙  ,200151
50,1277202974566973447,学者们往往有一种触类旁通的本领,200250
226,1282844175731150868,回忆起当年的那次拍摄经历,200310
129,1277202974566973448,如果从商业利益的角度去看待一些事情，答案其实很简单😰,200327
34,1277202951619923983,我裂开了,200482
14,1282844166755373083,善于矮化自己的日本人具有强烈的危机意识,200520
113,1282844175731150857,每一个做公益的人，都有一颗炽热的心…,200553
49,1277202974566973447,在我看来这本佛陀传记的问世,200576
40,1282844190549671951,棒极了,201017
49,1277202951619923976,顶住顶住,201082
36,1282844141610487812,但我觉得更重要的是要给孩子更多的爱和充分的自由.,201147
97,1277202899015028736,少量永乐年制篆书四字款,201197
50,1282844175731150862,好文章首先要有好意境，然后才是好文字🐽,201401
91,1282844175731150852,师者所以传道，授业，解惑也,201413
94,1277202951619923986,在这个计划实施前和拍摄过程中,201498
11,1282844166755373056,不愧有大家风范🐭,201829
106,1282844190549671940,不是良药,202127
110,1282844166755373071,???,202279
2,1282844166755373078,这两句话说在1968年,202280
170,1277202974566973460,当代人学习的动力，来源于焦虑，如果没有焦虑，你还会学习么？至少我不会,202315
39,1277202898968891392,角度新奇，立意独特.,202473
112,1277202951619923980,这是他文化理解中的重要的环节👤,202487
113,1282844175731150872,爱自己很容易，爱亲人很容易，爱陌生人很难！,202526
174,1277202951619923992,红红火火恍恍惚惚,202701
34,1277202961912811526,永远的变化,202729
59,1277202961912811546,开始以为是青铜，没想到是个王者,202900
33,1282844166755373076,还是不那么喜欢艺术的人,203080
39,1282844166755373066,感觉有些沉重了,203304
24,1277202974566973460,不会只有我才知道这位老师多么优秀吧？,203536
37,1282844175731150862,涨知识了💁,203545
43,1282844166755373080,我喜欢这篇文章传达的东西,203846
93,1282844198070013956,除了开书店、编杂志,204122
107,1277202961912811525,前排✋,204361
163,1282844175731150865,精彩😧,204992
37,1282844183012495377,😴做的不错呦…,205053
170,1282844166755373063,有些晦涩难懂,205484
64,1282844190549671938,好文章首先要有好意境，然后才是好文字,205490
163,1277202951619923983,我的阅读、学习就是一个广泛吸取的过程👇,205524
44,1282844166755373058,女少口阿😲,205710
170,1277202909135785987,赞一个,205966
125,1277202888038469633,我与旁边一个三十一岁的兄弟谈及我的疑惑.🙀,206045
166,1282844175731150877,并逐步走向了地球上的各个大陆！,206230
24,1277202899015028738,乱七八糟的材料都加进来的话,206333
60,1282844166688264192,一直延伸到远方,206395
32,1277202974566973448,太高雅了，欣赏不来,206573
47,1282844175731150877,宁就是带文学家？,206661
40,1282844166755373056,太秀了.,206863
34,1277202951619923993,缺乏热情的艺术家好似没有颜料的画家.,207791
34,1282844198070013955,艺术家一开始好像都是业余爱好者,207881
19,1282844166755373071,赞一个,208049
78,1282844175731150867,是啊,208182
84,1282844198070013964,维尼和他的伙伴们站在桥上😓,208529
106,1282844141610487812,我将三十余位残疾人推荐到一家火锅店担任服务员,208710
11,1282844166755373077,我读得最熟的是丹纳的《艺术哲学》,208932
35,1277202951619923978,她曾经是复旦大学的研究生！,209006
47,1277202974566973465,感觉有些沉重了！,209171
40,1282844175731150863,真的好看.,209247
108,1282844190549671961,语言是心灵跟文化教育的反映,209804
45,1282844175731150860,比喻贴切，用词生动,209855
95,1277202899015028739,英文叫做footinthedoor,209914
39,1277202909135785991,开始以为是青铜，没想到是个王者,210338
196,1277202961912811523,有人因艳遇而饮,210373
6,1282844183012495386,老师讲的太好了,210395
45,1282844198070013966,知识上的富有可以享受心灵上的满足,210830
42,1282844190549671955,期待下次的内容,210866
35,1277202961912811523,???,211000
13,1277202961912811544,在座的各位能在这相遇就不用我多说了吧,211079
25,1282844198070013971,看破不说破,211112
1,1282844183012495388,受教了,211247
63,1277202951619923985,老师讲的太好了.,211312
82,1277202951619923992,有的作者需要自己一页一页粘出一本书,211379
32,1282844198070013964,下图为人际关系系列作品之一,211573
197,1282844166755373074,百家争鸣，旗鼓相当🐟,211576
37,1282844190549671948,看到标题的一刹那，就有种腿软的感觉.,211612
60,1282844190549671957,😽艺术家一开始好像都是业余爱好者.,211988
109,1277202899015028741,详细报道了运动的起因和进程😟,212114
79,1277202951619923996,视野开阔了 ,212203
61,1277202951619923982,当代缺的就是这种智慧与豁达,212391
32,1282844190549671943,太高雅了，欣赏不来,212452
53,1282844190553866242,一分钟的思考抵上一小时的唠叨，而此文让我思考了很久🐅,212566
64,1282844141610487817,请问老师，如何写作呢？,212584
166,1282844166755373083,沙发,213291
72,1282844183012495383,知识上的富有可以享受心灵上的满足,213389
27,1277202909135785988,这样大的体量,213558
20,1282844166755373084,赞啊！,213596
125,1277202961912811533,涨知识了.,213670
80,1282844183012495377,《了不起的盖茨比》里,213707
76,1277202961912811539,柯云路反科学歌颂伪气功,213723
88,1282844190549671943,太赞了…👩,214010
94,1282844183012495373,他们是不同时期最具代表性的音乐人物.👨,214207
197,1282844175731150848,在任何时代，学习的根源就是好奇心，所以请保持你的好奇心吧,214230
98,1277202888038469638,是啊…😚,214383
19,1282844198070013961,学习知识要善于思考、思考、再思考,214484
25,1277202961912811525,赞啊！,214611
196,1282844166755373062,在战斗中获得勇敢，在学习中获得知识！,214715
59,1282844141610487808,优秀的作品无论你怎样去探测它，都是探不到底的…,215128
111,1282844166755373063,读书使人充实，思考使人深邃，交谈使人清醒.,215293
40,1282844183012495386,棒！火钳刘明.,215438
75,1277202974566973467,涨知识了,215657
27,1282844198070013956,红红火火恍恍惚惚,215885
11,1282844166755373076,既要敢于突破陈规，又要放开手脚打破条条框框🐖,215903
72,1282844166755373061,小伙伴看着他：看来你爸也没教你什么东西啊,216046
134,1277202898968891392,精彩😮,216105
32,1282844141610487832,期待下次的内容！,216594
33,1282844190549671947,下一步的发展方向是什么？答：我其实不太会去特别具体的计划什么或打算或发展方向！,216619
166,1277202951619923968,查水表,216994
40,1282844175731150874,突然想学医了  ,217041
94,1277202961912811528,就这？,217287
65,1282844198070013954,天才的作品是用眼泪灌溉的,217647
111,1282844190553866240,好久没有静下来享受获得知识的感觉了,217655
46,1282844175731150862,我读的次数越多…,217718
51,1282844198070013966,会给影视的创作带来更多的灵感和爆发力！,218089
60,1282844141610487835,涨知识了,218096
81,1282844175731150858,形形色色的男女读者,218160
41,1277202961912811535,如果有办法能医治浮躁,218190
25,1282844166755373082,好文章首先要有好意境，然后才是好文字😽,218419
107,1282844175731150863,所以他的雄激素就更高、更有男人味,218500
174,1277202909135785987,很打动我，感同身受,218585
196,1277202909135785990,棒！火钳刘明！,219579
26,1282844175731150869,前排,219908
34,1282844183012495384,品味是一种过程，是一种探索；是一种提升，是一种享受,219921
67,1282844175731150849,就中国的现实而言,219981
109,1282844190549671947,角度新奇，立意独特…,220528
2,1277202974566973461,最枯燥无味的作品也无法抵挡批评家找出它迷人之处的决心.,220534
27,1277202888038469638,青年长于创造而缺乏思考，长于猛干而短于讨论，长于革新而短于持重,220674
112,1277202909135785990,赞一个,220677
12,1277202974566973452,顶住顶住🙉,220743
25,1282844175731150858,一个都没看懂！,220866
103,1277202899015028739,红红火火恍恍惚惚,220960
40,1277202961912811536,顶住顶住…,221428
11,1282844198070013977,吃不了学习的苦，就要吃生活的苦…😣,221446
2,1282844166755373079,取众家所长,221463
72,1282844183012495384,太秀了,221529
6,1282844198070013975,父母那个年代，玩命干活就是好，而现在能说会道才叫棒  ,221623
41,1282844190549671959,视野又开阔了,221994
18,1277202974566973454,宁就是带文学家？,222181
39,1277202961912811534,很有意义…,222195
230,1282844190549671942,而且还做了那样一个梦😂,222253
103,1277202899015028742,工作观之五：爱自己的工作！,222283
39,1282844198070013975,哈哈哈，真实…,222297
113,1282844175731150859,感觉有些沉重了🙈,222306
12,1282844175731150851,红红火火恍恍惚惚,222308
39,1282844198070013974,棒极了…,222408
59,1277202961912811529,读起来有点困难，可能是我理解力不够,222591
105,1282844141610487821,我也从未将自己的作品局限在某一类型里,222925
2,1277202951619923980,尽管厄普代克表面上针对的是不着调的门外乱弹,223019
23,1282844175731150872,感觉好像买书就是为了买,223094
37,1277202961912811544,逐渐上头😂,223168
67,1277202951619923995,结婚了😔,223344
196,1282844166755373084,看破不说破,223938
198,1282844183012495380,语言真是一门学问，如果我们会用欣赏的眼光去看待别人，自然会发现别人身上的闪光点，用智慧的美言与别人交谈，那我们的人际关系就会更加和谐，更加美好。,223974
72,1282844175731150875,大师，我悟了！,224006
94,1282844198070013978,艺术家一开始好像都是业余爱好者,224086
88,1277202961912811539,好学而不勤问非真好学者,224370
50,1282844166755373069,当代缺的就是这种智慧与豁达,224661
42,1282844141610487823,都是在此基础上发散出来的细腻感知,224933
125,1282844190553866241,真佩服，满腹经纶，这果然是奥妙,225429
35,1282844175731150866,哈哈哈，真实…,225431
43,1282844183012495378,嘻嘻🤭,225847
69,1282844166755373079,???,225850
89,1282844183012495383,我裂开了,225921
226,1282844190549671947,回忆起当年的拍摄经历🐙,226120
34,1277202899015028742,女少口阿,226147
40,1282844166755373081,666,226280
6,1277202974566973440,膜拜大佬，这脑子要多活跃才能这么快速的思考  ,226356
69,1277202888038469634,🐣不明觉厉…,226391
33,1282844190549671956,嘻嘻🤭,226630
70,1277202888038469637,我明白了,227008
72,1282844141610487808,🙂,227086
72,1282844183012495372,一个人的度量是一种精神力量，是一股强大的文明力量！,227116
45,1282844141610487831,顶住顶住,227296
96,1282844198070013975,很有意义！,227670
129,1277202961912811536,受益匪浅 ,227709
125,1282844190549671941,一个人的度量是一种精神力量，是一股强大的文明力量😆,227744
166,1282844183012495362,他们可以通过出汗来散发热量…,227787
41,1282844141610487829,最枯燥无味的作品也无法抵挡批评家找出它迷人之处的决心！,227989
196,1277202899015028738,汝阳三斗始朝天,228255
104,1282844141610487828,通读文章，感慨万千,228469
50,1282844141610487816,其实,228491
6,1277202974566973466,你盯着柴刀,228529
15,1282844198070013955,商业思维是真的有魅力，赞 ,228635
34,1277202961912811529,只有想才会产生美。只有美才会产生想,228751
11,1282844175731150867,很打动我，感同身受,228953
99,1277202974566973448,那事情可就大了,229218
36,1282844198070013957,那您对中国传统文化有什么样的看法？您觉得你身体和思想里,229583
70,1277202888038469638,但是再过300年肾六啥意思？不知道,229812
39,1277202961912811523,太厉害了.😸,230401
78,1282844190553866240,那个榻榻米在我家最好的位置庸庸碌碌地积满了灰,230546
112,1282844190549671940,👱这是他文化理解中的重要的环节！,230930
24,1282844183012495377,不会只有我才知道这位老师多么优秀吧？,231165
2,1282844175731150866,两个字，到位🙇,231607
96,1282844183012495387,就像当代与远古,231625
170,1282844183012495374,看到标题的一刹那，就有种腿软的感觉！,231629
35,1282844198070013977,但不能实质地改变人感觉幸福的程度,231874
88,1277202961912811524,并几乎占据了半壁江山,232032
39,1277202951619923994,谢谢老师耐心的分享与解读  ,232049
11,1282844190549671947,溜了溜了,232395
76,1277202898968891392,百家争鸣，旗鼓相当,232490
41,1282844175731150868,每个人都有生命中注定属于自己的书,232518
35,1282844166755373057,你们的幸福在你们手中.,232589
19,1282844190549671948,师者所以传道，授业，解惑也🐢,232814
72,1282844183012495388,🙂,233913
2,1282844190549671941,我希望能在阅读中获取与我的期待相匹配的营养.,233990
113,1282844190549671958,都是来自美好人性的光芒,234156
67,1282844166755373067,最枯燥无味的作品也无法抵挡批评家找出它迷人之处的决心,234329
37,1282844175731150858,思维值得学习,234492
35,1282844183012495360,👏艺术没有终点，只有起点！,234495
14,1277202899015028742,还是需要理解能力的,234513
12,1282844166755373070,一个都没看懂！,234524
170,1282844141610487833,思维值得学习,234704
13,1277202899015028744,细节描写别具匠心，细致入微,234771
2,1277202961912811522,判断的确并非一直可靠,234777
79,1277202951619923978,棒！火钳刘明…,235394
85,1282844141610487826,在战斗中获得勇敢，在学习中获得知识,235536
166,1282844190549671952,就这？,235578
125,1282844198070013968,棒！火钳刘明,235737
110,1282844175731150859,如果知识不是每天在增加，就会不断地减少,235828
37,1282844175731150852,谢谢老师耐心的分享与解读  ,236037
208,1277202974566973448,究竟怎么取舍这个问题一直萦绕在崔松的脑海里,236042
1,1277202961912811540,哈哈哈，真实👴,236229
60,1282844166755373080,我就会好奇地望着窗外并且傻笑,236273
6,1277202909135785986,通常…,236744
97,1277202974566973452,有外蓝釉里青花、外青釉里青花、外孔雀釉蓝或孔雀绿里青花（受磁州窑影响）、外五彩里青花等等…,236762
11,1282844141610487808,嘻嘻🤭,237102
230,1277202961912811521,精辟😺,237328
198,1282844198070013961,人类不重要,237359
70,1277202951619923972,好议论人之长短，是学者大病,237477
1,1277202888038469635,当一个作家深切的感到自己和人民血肉联系的时候，就会给他以美和力量,237487
52,1277202899015028741,看破不说破！,237917
27,1277202961912811524,舒适度很重要，此文便是！😥,237942
32,1277202961912811524,一个真正的艺术家不应当只是一位画家，应该是兴趣广泛的多面手,238007
11,1282844175731150851,4、朱生豪先生翻译的莎士比亚戏剧…,238455
43,1282844175731150859,广泛的阅读能让人思路开阔！,238472
25,1282844198070013973,之后癌细胞向肠道、副肾、脊髄等身体各处扩散.,238635
197,1277202951619923975,学习的原动力就是好奇心…,238771
39,1277202951619923978,感觉还是没有完全理解  ,238792
42,1282844166755373060,所以还是以平常心论之好,238935
2,1282844190549671942,因为这个系列访谈里透露了大师们的真知灼见、智慧之言！😤,239033
45,1277202974566973466,《葱茏》、《雪》、《寻墨记》完全可以佐证他在荆棘中行走的坚定！,239060
12,1282844190549671945,太秀了,239098
50,1282844166755373056,不会只有我才知道这位老师多么优秀吧？,239142
50,1282844190553866241,我裂开了,239249
80,1282844175731150872,精彩,239679
2,1282844166755373067,百家争鸣，旗鼓相当,239891
34,1277202974566973454,艺术属于古老的世界，科学属于现代的世界,239928
68,1282844175731150855,一桩小事发展成了一个笑话,239930
1,1282844183012495386,你觉得原因何在？这个问题若提给外交部…,239944
41,1282844166755373056,我建议你在成为作者之前.,240142
166,1282844190549671956,那就是目前世界上的人类都是来源于非洲大陆,240394
174,1282844190549671939,开始以为是青铜，没想到是个王者,240497
40,1277202974566973468,啥破玩意，无聊.,240840
70,1282844198070013964,逐渐上头😂,241057
1,1282844198070013973,我在纯文学的房间里溜达,241251
198,1277202951619923974,那滋味儿,241266
218,1282844198070013966,角度新奇，立意独特👧,241277
166,1277202961912811528,所以这也涉及到了我们今天所提倡的精准医疗.,241389
196,1282844166755373073,这三者不仅在艺术上常常相互借鉴😤,241464
12,1282844141610487815,各派或从《老子》的思想形成立论！,241870
113,1282844198070013962,太秀了.,242115
90,1282844190549671954,我裂开了,242123
11,1282844190549671947,工作以后闲来试笔翻译并发表了一点英文随笔和理论文章…,242280
42,1282844175731150854,总是把过深的东西过早地倒给孩子们…,242288
14,1282844166755373084,不仅仅关系到日本的经济发展,242626
36,1282844141610487809,我很庆幸我有这么多的可能性,242774
39,1282844175731150876,感觉有些沉重了…,243003
39,1282844198070013954,棒极了,243261
1,1282844141610487817,当一个作家深切的感到自己和人民血肉联系的时候，就会给他以美和力量,243529
130,1282844190549671948,完全是滥用成语,243803
36,1282844141610487835,精彩…,243921
39,1282844198070013954,期待下次的内容,244012
87,1282844175731150872,???,244032
37,1277202951619923994,是啊,244175
125,1277202951619923970,做的不错呦😵,244182
1,1282844141610487829,取众家所长.,244429
103,1277202951619923988,教给孩子判断力的眼光！,244500
34,1282844166755373056,我连墙都不扶，就服你。,244683
50,1282844141610487823,棒极了,244904
82,1277202951619923994,那时候马来西亚华语作品的读者很少,245081
196,1277202951619923977,风流倜傥堕落为骄奢淫逸,245243
64,1277202909135785986,中国有些地方的女孩子会被以妹相称,245572
80,1277202961912811524,666,245720
71,1277202974478893056,我裂开了,245830
34,1277202909135785989,棒极了,245990
79,1282844141610487813,我们的媒体形式是否吸引消费者,246112
51,1282844198070013979,🙂,246241
72,1282844183012495362,稳定的社会是商业的基础,246273
170,1282844198070013974,学习知识要善于思考、思考、再思考,246284
92,1282844166755373061,两种声音在体内角逐斗争,246296
52,1277202899015028742,能写出此篇文章的作者，内心一定饱满坚强,246580
67,1277202961912811525,名家风范,246662
166,1282844190549671949,大家都爱喝热水,246931
106,1282844190549671940,先要爱自己，才能爱别人.😳,247240
39,1282844183012495364,看到标题的一刹那，就有种腿软的感觉😶,247457
1,1282844175731150862,你可以质疑！,247715
67,1277202961912811549,如果知识不是每天在增加，就会不断地减少,247744
47,1282844141610487831,红红火火恍恍惚惚,247864
6,1282844175731150870,哲学：最精彩的思维模型现在问题来了：这些不砍柴的人发明的柴刀.,248219
40,1282844190549671945,还是需要理解能力的,248596
27,1282844166755373063,我一口气看完了你的所有文章，太精彩了！,248606
67,1277202951619923994,太秀了😫,248958
39,1282844198070013969,是啊,248977
42,1282844175731150876,如果知识不是每天在增加，就会不断地减少…,249230
125,1282844175731150856,匪夷所思的爱好者很多.,249246
36,1282844166755373071,都是很不错的西部城市,249257
78,1277202974566973468,2002年我第一次装修房子时！,249274
36,1277202898968891392,红红火火恍恍惚惚.,249353
196,1277202974566973466,顶住顶住,249399
60,1277202974566973460,K294彻底成为殉难品,249585
99,1277202909135785989,有些晦涩难懂,250090
196,1277202888004915200,两个字，到位,250310
12,1277202951619923986,上篇三十七章称为《道经》,250499
196,1282844166755373079,征战反而更激发了人们的尚武精神,250886
25,1282844175731150877,优秀人物的错误，就在于获得世人的赏识而浪费青春,250981
107,1282844141610487826,我们经常说坐月子的时候…,251142
6,1277202961912811542,不会只有我才知道这位老师多么优秀吧？,251220
34,1282844183012495365,666,251284
125,1277202974566973444,舒适度很重要，此文便是,251341
36,1282844166755373066,做的不错呦,251648
109,1282844166755373056,而且愉快,252130
39,1282844190549671958,前排,252264
75,1282844166755373076,青年长于创造而缺乏思考，长于猛干而短于讨论，长于革新而短于持重,252338
107,1282844166755373060,查水表,252378
92,1277202961912811528,而内心相对懒惰的人则喜欢用名词和肯定句,252551
74,1282844141610487817,语言是心灵跟文化教育的反映,252572
125,1282844190549671936,我是一个路人,252655
1,1277202951619923977,取众家所长,252981
75,1282844183012495362,诗情画意，回味无穷,253042
125,1277202974566973456,哈哈哈，真实,253251
70,1282844190549671953,很有意义…,253256
62,1277202961912811548,洪启的专集歌曲作品《红雪莲》的问世,253266
33,1282844175731150876,因为太多了！,253634
198,1282844166755373073,太秀了.,253703
108,1277202974566973454,读书使人充实，思考使人深邃，交谈使人清醒😧,253737
62,1282844141610487825,这种悲悯的情怀,253880
76,1277202899015028737,赞啊！,254043
106,1277202951619923993,我是一个路人,254184
27,1277202974566973463,诗情画意，回味无穷,254242
41,1282844166755373080,真佩服，满腹经纶，这果然是奥妙,254681
6,1282844183012495374,🙂,255314
54,1282844141610487821,我连墙都不扶，就服你。,255662
13,1277202961912811533,哈哈哈，真实,255667
134,1282844190549671960,比喻贴切，用词生动,255788
198,1282844166755373066,尘世间所有的重要与不重要,255794
197,1282844183012495384,???,256248
230,1282844190549671941,我无法想象那风自由地穿过的山谷如今是什么样的情景,256613
41,1282844183012495376,越来越没有自知之明了，这种文章我也敢点进来看了…,256713
11,1277202974566973456,青年长于创造而缺乏思考，长于猛干而短于讨论，长于革新而短于持重,257530
242,1282844175731150850,乐山站一直名为夹江站,257570
43,1282844166755373072,感觉有些沉重了.,257599
113,1277202974566973458,还是需要理解能力的,257599
6,1277202974566973460,精辟,257679
12,1277202899015028744,真的好看…,257683
111,1277202909135785984,学习知识要善于思考、思考、再思考,257772
134,1277202909135785987,受教了！,257979
113,1282844166755373056,将课堂气氛推向高潮…,258206
106,1282844175731150870,同样是腰间盘，为何你如此凸出,258281
80,1277202974566973454,哪怕赶飞机一天一夜不睡觉！,258485
49,1282844198070013967,如果知识不是每天在增加，就会不断地减少,258774
86,1277202951619923986,不明觉厉🐾,259003
34,1282844183012495380,角度新奇，立意独特,259502
6,1282844175731150851,很好奇平常是通过什么方式练习的，对着镜子吗？,259787
2,1282844183012495379,相反,259860
102,1277202961912811549,做的不错呦…,259899
174,1282844183012495388,很有意义,260089
105,1277202951619923986,科学只能解决世界上的一部分问题,260609
40,1277202974566973441,每次看完你的视频都很开心,260664
51,1277202974566973458,电视剧《人民的名义》一经播出,260670
12,1282844175731150854,老铁稳,260960
1,1277202961912811532,太厉害了！,261074
37,1282844190549671938,细节描写别具匠心，细致入微,261143
134,1277202961912811530,读书使人充实，思考使人深邃，交谈使人清醒,261379
208,1277202961912811547,已是上海中医药大学附属曙光医院医生的崔松！,261745
125,1282844166755373061,回忆爱好者还是头一回听说,261832
107,1282844198070013960,所以女性减少烫发染发也很重要,261958
1,1282844198070013977,看不清楚、不了解中国文学是可能的,261998
88,1277202909135785987,我是一个路人！,262240
41,1282844190377705472,🙂,262471
11,1277202961912811536,世事洞明皆学问，人情练达即文章,262629
11,1282844141610487809,看来是他那硬译主张害了他,262668
40,1282844190549671960,就这？,263159
230,1282844190549671936,细节描写别具匠心，细致入微,263193
12,1282844198070013955,（同上）当然今传本《老子》不会像《史记》所说的那样！,263531
12,1282844166755373077,越来越没有自知之明了，这种文章我也敢点进来看了,263730
42,1282844141610487825,请问老师，如何写作呢？,263777
84,1277202974566973466,哈哈哈，真实👱,263819
55,1282844198070013973,引导着大家越来越庸俗化,263951
85,1282844198070013981,做的不错呦,264150
2,1282844190549671951,但搞文学的人从来都是双脚沾满泥巴😟,264671
92,1277202888038469636,人们的认知观念也不得不由原先的大树底下好乘凉转变成一切都要靠自己,264777
112,1282844166755373077,西方的文化可能更有诱惑力,265823
83,1282844175731150852,但是他们能保住自己的面子,266079
26,1277202961912811537,宁就是带文学家？,266145
27,1282844198070013960,天才的作品是用眼泪灌溉的,266517
12,1277202961912811545,思维值得学习,266658
48,1277202961912811520,还因此写了一篇题为三位一体的文章,266944
125,1282844198070013975,学习知识要善于思考、思考、再思考,267168
86,1282844166755373082,正如刚开始写小说那几年,267303
20,1282844198070013978,特别喜欢老师的文章,267361
58,1282844141610487831,我却无法从故事的情境中出来,267530
86,1277202961912811521,我的故乡,267654
208,1277202888038469640,医学知识太神奇啦  ,267781
94,1282844198070013956,作为拍摄对象,267858
37,1282844198070013971,期待下次的分享  ,267926
7,1282844190549671944,角度新奇，立意独特,268064
52,1277202951619923981,学习很多东西的诀窍在于——不要一下子学很多东西,268088
207,1282844166755373058,就这？,268323
57,1282844141610487836,越来越没有自知之明了，这种文章我也敢点进来看了.,268623
49,1282844175731150856,一行禅师之所以在书中,268974
74,1282844141610487820,既要敢于突破陈规，又要放开手脚打破条条框框,269131
107,1282844175731150876,感觉有些沉重了！,269327
163,1282844166755373076,😛知识上的富有可以享受心灵上的满足！,269400
35,1277202961912811541,但不能实质地改变人感觉幸福的程度,269527
107,1282844198070013960,药物治疗无外乎是三种情况：◆第一.,269717
113,1282844166755373071,经过多年组织远程公开课,270195
174,1282844141610487816,开始以为是青铜，没想到是个王者,270590
1,1277202951619923989,很不幸,270612
76,1282844198070013963,温故而知新,270702
50,1277202961912811532,棒！火钳刘明😇,270715
6,1282844190549671958,我喜欢这篇文章传达的东西…,271241
96,1282844190549671951,就这？,271730
33,1277202974566973468,遇见了一对夫妇带着自己的小女儿去德国自助游,272176
42,1282844141610487812,是父亲从上海出差回来给我带的四大古典名著连环画.,272396
107,1277202961912811523,看似浅显易懂，实际太多沉淀啦,272400
43,1282844190549671947,学习了,272779
198,1282844190553866241,语言是心灵跟文化教育的反映,272979
109,1277202909135785989,与此同时🐽,273273
27,1282844198070013978,这样大的体量…,273861
34,1277202899015028737,但我并不喜欢可以看到老看到底的生活,274411
125,1282844190549671938,学习很多东西的诀窍在于——不要一下子学很多东西…,274594
125,1282844190549671959,开始以为是青铜，没想到是个王者,274671
2,1277202899015028740,大师们肯定会重新站队,274890
40,1282844141610487814,太秀了,275213
36,1282844166755373060,您在同济大学度过了好几年时光😓,275556
70,1282844166755373084,他发现50年前所有的文献都是用汉字写的,275743
9,1277202951619923983,我连墙都不扶，就服你。,275788
51,1282844183012495385,不明觉厉,275930
37,1277202974566973466,???,275958
63,1277202899015028738,是啊,276082
102,1282844166755373068,品一篇美文，仿佛品一壶千载的醇酒；丝丝的辛辣蕴藏着言不尽的甜蜜,276836
2,1282844166755373068,大师们肯定会重新站队.,277500
105,1277202888038469632,并坚信虽然这个世界不为我们所动,278131
37,1282844175731150859,一个都没看懂！,278304
102,1277202899015028744,红红火火恍恍惚惚！,278720
66,1282844141610487808,主人公们都会不经意间滔滔不绝地谈到经典文学,279076
43,1282844175731150873,查水表,279898
12,1282844166755373075,或从《老子》的语言文字入手…,279925
40,1277202951619923985,医学知识太神奇啦  ,279947
107,1282844198070013957,我是一个路人,280069
35,1277202961912811533,最大的误区是很多人认为有钱人会比穷人更幸福,281623
45,1282844166755373062,就这？,284860
